time/time_elapsed,rollout/ep_rew_mean,time/fps,rollout/ep_len_mean,time/total_timesteps,time/iterations,train/n_updates,train/clip_fraction,train/explained_variance,train/clip_range,train/approx_kl,train/learning_rate,train/loss,train/entropy_loss,train/policy_gradient_loss,train/value_loss
2,-58.39,977,190.0,2048,1,,,,,,,,,,
5,-62.05714285714285,687,192.38095238095238,4096,2,10,0.103564453125,0.004421114921569824,0.2,0.009473863,0.0003,3.6144731044769287,-1.3782742787152529,-0.013287554853013717,10.131727872788906
10,-54.6,602,180.41176470588235,6144,3,20,0.11708984375,0.30318349599838257,0.2,0.011501538,0.0003,1.5843980312347412,-1.3679178427904843,-0.010485660257108976,8.428518482297658
13,-49.836170212765964,616,172.95744680851064,8192,4,30,0.11943359375,0.15979647636413574,0.2,0.01174704,0.0003,11.268560409545898,-1.3594936206936836,-0.01110303749446757,38.71441036462784
16,-44.95645161290323,616,163.9516129032258,10240,5,40,0.06240234375,0.057239413261413574,0.2,0.009008159,0.0003,24.478368759155273,-1.3399008695036172,-0.012282946493360213,49.284280648827554
19,-37.17160493827161,614,151.2716049382716,12288,6,50,0.08642578125,0.01929563283920288,0.2,0.007613935,0.0003,28.008092880249023,-1.314193532243371,-0.011509287825901993,66.89049959480762
23,-33.93838383838384,621,144.7979797979798,14336,7,60,0.07294921875,-0.044947028160095215,0.2,0.007813427,0.0003,35.1914176940918,-1.2934111893177032,-0.010863536380202276,95.753324842453
26,-25.235999999999994,621,129.78,16384,8,70,0.116015625,0.010740280151367188,0.2,0.013556326,0.0003,34.68236541748047,-1.2702265005558728,-0.012121428236423527,84.19040879011155
29,-15.890999999999998,621,112.87,18432,9,80,0.144970703125,-0.012646794319152832,0.2,0.009901736,0.0003,33.536468505859375,-1.262941475212574,-0.012913122322061099,81.3818137049675
32,-14.585,625,109.3,20480,10,90,0.125927734375,-0.006689786911010742,0.2,0.010761218,0.0003,30.331674575805664,-1.2431602790951728,-0.013619057118194177,77.66410455703735
36,-11.61,620,102.75,22528,11,100,0.127978515625,-0.06609630584716797,0.2,0.0139996065,0.0003,22.688705444335938,-1.2012894947081805,-0.012633544631535187,58.5915398478508
40,-8.393999999999998,607,97.39,24576,12,110,0.102490234375,0.02803856134414673,0.2,0.011065455,0.0003,24.307525634765625,-1.1921806007623672,-0.01252603275133879,70.18192894458771
43,-6.819,610,93.86,26624,13,120,0.116943359375,0.020162880420684814,0.2,0.0108819585,0.0003,20.863906860351562,-1.1691143095493317,-0.012802854836627376,51.81960620880127
46,-3.095,610,87.46,28672,14,130,0.141748046875,0.04171210527420044,0.2,0.013955377,0.0003,15.84203052520752,-1.1711793649941682,-0.012750913211493752,41.678259974718095
50,-3.6979999999999995,609,88.11,30720,15,140,0.156103515625,-0.12732255458831787,0.2,0.013109772,0.0003,14.802458763122559,-1.1541371803730727,-0.011926182765455451,40.25716269016266
56,-2.348,584,85.54,32768,16,150,0.118408203125,0.15308910608291626,0.2,0.011548588,0.0003,17.144332885742188,-1.1454021841287614,-0.00866821208910551,42.26045753955841
60,-4.073,580,88.36,34816,17,160,0.16953125,-0.060541510581970215,0.2,0.013847446,0.0003,12.895185470581055,-1.13029002584517,-0.013266839634161443,37.579274845123294
65,-3.378,560,85.92,36864,18,170,0.15068359375,0.1120501160621643,0.2,0.013132544,0.0003,13.011344909667969,-1.1271411314606667,-0.01257027731044218,32.62730310857296
70,-3.507999999999999,550,85.46,38912,19,180,0.124755859375,0.050451457500457764,0.2,0.014369985,0.0003,14.860223770141602,-1.1186588775366544,-0.006555112185014878,36.97610785961151
75,-4.3919999999999995,541,86.04,40960,20,190,0.164306640625,-0.10888910293579102,0.2,0.016577028,0.0003,16.1436710357666,-1.152447721362114,-0.007560810647555627,28.583211970329284
80,-3.779,533,84.97,43008,21,200,0.139208984375,-0.014132976531982422,0.2,0.013507527,0.0003,16.792171478271484,-1.1025098176673054,-0.013307912860182115,35.83402131795883
85,-4.153999999999999,526,86.55,45056,22,210,0.16533203125,0.10107052326202393,0.2,0.014448988,0.0003,13.887060165405273,-1.108247398212552,-0.014609025303070667,35.180192118883134
90,-3.875,521,85.59,47104,23,220,0.176025390625,-0.06293976306915283,0.2,0.013759928,0.0003,9.498029708862305,-1.0923272043466568,-0.010917405399959534,23.72961467206478
95,-2.7709999999999995,515,83.86,49152,24,230,0.121826171875,-0.10038936138153076,0.2,0.010842579,0.0003,8.11523151397705,-1.0915203779935836,-0.006061151971516665,20.54703383743763
100,-0.9259999999999999,510,80.14,51200,25,240,0.146240234375,0.1309853196144104,0.2,0.011755288,0.0003,9.521576881408691,-1.0601288828998805,-0.012999824688449735,23.174024754762648
105,-1.5339999999999998,506,81.0,53248,26,250,0.15341796875,0.32718873023986816,0.2,0.016868763,0.0003,9.430334091186523,-1.0537841567769646,-0.011295795439218636,25.567122611403466
109,0.1769999999999997,502,79.71,55296,27,260,0.17724609375,0.07725536823272705,0.2,0.013878878,0.0003,10.776891708374023,-1.0848029304295779,-0.012550694860692602,20.585531632602216
114,-1.0040000000000002,499,81.52,57344,28,270,0.124658203125,0.15793520212173462,0.2,0.010857958,0.0003,6.650786876678467,-1.0743728388100862,-0.008057207804813515,18.77099167704582
119,-4.148999999999999,495,85.85,59392,29,280,0.1611328125,0.16854530572891235,0.2,0.018481435,0.0003,8.805225372314453,-1.0749562857672572,-0.014757221458421555,22.99110180437565
124,-3.5979999999999994,492,85.02,61440,30,290,0.136083984375,0.3761565685272217,0.2,0.013221927,0.0003,9.042672157287598,-1.0256836567074061,-0.009690346992283595,27.918948581814767
129,-6.785000000000001,488,89.51,63488,31,300,0.135302734375,0.387664258480072,0.2,0.014685617,0.0003,17.98882484436035,-1.04225912746042,-0.01000138895760756,27.905232533812523
134,-6.078,486,87.48,65536,32,310,0.122412109375,0.07718193531036377,0.2,0.010950217,0.0003,9.963322639465332,-1.0545983860269188,-0.010989426659216405,29.92013273239136
139,-1.763,482,81.96,67584,33,320,0.129638671875,0.2419394850730896,0.2,0.018196821,0.0003,12.72684383392334,-1.0914541404694318,-0.010818338886019773,31.217902860045434
144,0.3579999999999997,480,78.42,69632,34,330,0.13798828125,0.20456743240356445,0.2,0.014481846,0.0003,10.751951217651367,-1.0528670512139797,-0.010125053292722442,24.95943205356598
149,3.423999999999999,478,73.03,71680,35,340,0.141845703125,0.12919098138809204,0.2,0.016345313,0.0003,4.655454158782959,-1.0843048520386218,-0.010154195614450145,18.37078177034855
154,2.9819999999999998,476,73.68,73728,36,350,0.12490234375,0.43496274948120117,0.2,0.012851277,0.0003,9.637113571166992,-1.0782445158809424,-0.007945543434470893,22.059397158026695
159,-0.7390000000000003,474,78.31,75776,37,360,0.16025390625,0.294902503490448,0.2,0.01260067,0.0003,9.52712345123291,-1.060853187739849,-0.015405093324079643,24.96875741779804
164,0.924,472,75.59,77824,38,370,0.134326171875,0.2925354838371277,0.2,0.016377078,0.0003,4.875290870666504,-1.0713046243414284,-0.01148902425338747,18.287870718538763
169,2.8450000000000006,471,72.83,79872,39,380,0.112939453125,0.34625500440597534,0.2,0.010617198,0.0003,6.817643165588379,-1.0258254772052169,-0.006366832001367584,22.627343609929085
174,7.834,469,66.06,81920,40,390,0.14208984375,0.30959993600845337,0.2,0.013342763,0.0003,7.097399711608887,-1.0101691827178,-0.01196744917833712,20.894125762581826
179,5.862,467,68.47,83968,41,400,0.12744140625,0.5223480463027954,0.2,0.0144701805,0.0003,7.913235187530518,-0.989376949891448,-0.013474492252862546,26.19409226179123
184,5.468999999999999,466,69.61,86016,42,410,0.14599609375,0.3329729437828064,0.2,0.013093465,0.0003,7.102371692657471,-1.004376139305532,-0.012323769192153122,16.631297758221628
189,1.585,465,75.18,88064,43,420,0.15439453125,0.4482961893081665,0.2,0.011537294,0.0003,6.912069797515869,-1.0311701957136392,-0.013572139607276767,23.092509487271307
193,-0.790999999999999,464,78.86,90112,44,430,0.14697265625,0.29080116748809814,0.2,0.016702604,0.0003,4.679261684417725,-1.0180230930447578,-0.010071629875164944,19.3636250808835
198,-4.409000000000001,464,84.46,92160,45,440,0.155908203125,0.21233618259429932,0.2,0.013676185,0.0003,6.609798908233643,-0.9966060923412442,-0.01234276159084402,20.707679769396783
202,-6.092000000000001,465,86.35,94208,46,450,0.124365234375,0.3521915078163147,0.2,0.01234163,0.0003,9.858288764953613,-1.0189045581966638,-0.00956103022035677,21.820937180519103
206,-6.283999999999999,466,86.02,96256,47,460,0.1126953125,0.21777909994125366,0.2,0.011225423,0.0003,7.112421989440918,-0.9645127303898334,-0.008292872273887041,24.561129850149154
209,-4.093,469,82.71,98304,48,470,0.1009765625,0.3969687819480896,0.2,0.012046181,0.0003,9.31237506866455,-0.9660272406414151,-0.006333692898624577,25.459159725904463
212,-0.2179999999999995,471,77.24,100352,49,480,0.1224609375,0.3711419105529785,0.2,0.012542913,0.0003,8.331592559814453,-0.9604876590892673,-0.012302094871120061,22.58006385266781
216,-0.0630000000000015,473,77.69,102400,50,490,0.153857421875,0.3707277178764343,0.2,0.01501748,0.0003,6.110177040100098,-0.9988813912495971,-0.013496319005207624,20.393733268976213
219,-1.9749999999999992,476,79.52,104448,51,500,0.16328125,0.3003295063972473,0.2,0.013197589,0.0003,4.33283805847168,-1.030020429752767,-0.01123882334213704,13.595655408501624
222,-2.4000000000000004,478,80.22,106496,52,510,0.15439453125,0.39331191778182983,0.2,0.016341656,0.0003,4.810880661010742,-1.0171519668772817,-0.013596371545281727,16.210534611344336
225,-1.6720000000000002,481,79.48,108544,53,520,0.121533203125,0.37691032886505127,0.2,0.013912201,0.0003,10.289521217346191,-1.0368832375854253,-0.010624546905455645,21.977328649163248
228,-0.6980000000000001,483,77.83,110592,54,530,0.1615234375,0.33356142044067383,0.2,0.013151977,0.0003,10.87643814086914,-0.9974325392395258,-0.016528955067042262,22.676108327507972
233,2.447,483,73.87,112640,55,540,0.177490234375,0.35797005891799927,0.2,0.02346725,0.0003,6.526650905609131,-1.0525583814829589,-0.01919994117342867,20.374118185043336
236,3.730999999999999,485,71.46,114688,56,550,0.1142578125,0.17804086208343506,0.2,0.011019917,0.0003,7.162028789520264,-1.0218682371079921,-0.01335963057645131,24.078264525532724
239,2.9339999999999997,487,73.16,116736,57,560,0.1546875,0.4302499294281006,0.2,0.013984277,0.0003,7.771697044372559,-0.9683605758473277,-0.016070464880613144,22.548751068115234
243,0.5719999999999995,488,76.75,118784,58,570,0.0986328125,0.5251033306121826,0.2,0.009173309,0.0003,10.022457122802734,-0.9994175311177969,-0.008883010670251679,24.64584290385246
246,2.128000000000001,490,74.77,120832,59,580,0.131982421875,0.4263368844985962,0.2,0.012925451,0.0003,9.828847885131836,-0.9955434767529369,-0.012998498253000434,27.627489966154098
249,1.075,492,76.8,122880,60,590,0.13740234375,0.32950806617736816,0.2,0.013146129,0.0003,7.436138153076172,-0.9556480327621102,-0.014553668911685236,26.992857968807222
252,3.603,494,72.1,124928,61,600,0.14462890625,0.2845284342765808,0.2,0.017012607,0.0003,7.392536163330078,-0.9792141053825617,-0.010003581576165743,21.48791024982929
255,-0.08800000000000015,496,77.91,126976,62,610,0.156396484375,0.332191526889801,0.2,0.02083221,0.0003,7.2298784255981445,-0.9811342714354396,-0.015416723817179446,22.01159800887108
259,1.7880000000000011,498,75.38,129024,63,620,0.171923828125,0.49223804473876953,0.2,0.014499169,0.0003,11.753595352172852,-1.0715364154428244,-0.01295619181037182,20.41849907785654
262,0.005000000000000533,499,77.68,131072,64,630,0.14873046875,0.18186825513839722,0.2,0.013786758,0.0003,6.246250629425049,-0.9790183331817388,-0.012780712904350367,25.77327245771885
265,-2.984,501,81.9,133120,65,640,0.1734375,0.33960455656051636,0.2,0.018710304,0.0003,10.123088836669922,-1.0148682914674283,-0.01830058103369083,26.97990115880966
268,1.9290000000000007,502,73.31,135168,66,650,0.19970703125,0.042845308780670166,0.2,0.020849194,0.0003,9.582388877868652,-0.982104335166514,-0.021844040049472824,22.74127815961838
272,2.6590000000000007,503,72.85,137216,67,660,0.141650390625,0.3868017792701721,0.2,0.013337253,0.0003,6.540099620819092,-0.9284118736162782,-0.01589662593032699,17.157535296678542
275,5.205,505,69.65,139264,68,670,0.151123046875,0.21335315704345703,0.2,0.0163912,0.0003,6.420773029327393,-0.9454830901697278,-0.011834968655603007,18.60741087794304
278,7.100999999999999,506,67.27,141312,69,680,0.146533203125,0.1883997917175293,0.2,0.016860584,0.0003,9.801273345947266,-0.9620277995243669,-0.01820730032341089,18.67005170583725
282,2.4729999999999994,508,75.38,143360,70,690,0.14814453125,0.33093416690826416,0.2,0.014020863,0.0003,8.048434257507324,-0.9944689882919192,-0.01841898021666566,19.128459310531618
285,5.106999999999999,509,70.72,145408,71,700,0.127197265625,0.4502071142196655,0.2,0.010365773,0.0003,7.431767463684082,-1.0365383699536324,-0.009862743501435034,23.55734920501709
288,3.5460000000000003,510,73.1,147456,72,710,0.14951171875,0.39398956298828125,0.2,0.017094996,0.0003,7.474632740020752,-0.9677032548934221,-0.01691786027076887,27.90299744606018
291,4.811000000000001,512,71.55,149504,73,720,0.12802734375,0.39565664529800415,0.2,0.012738256,0.0003,7.158472061157227,-0.955069737136364,-0.012249790233909152,23.457882329821587
295,8.021,513,65.93,151552,74,730,0.13427734375,0.3639664649963379,0.2,0.014688229,0.0003,6.708172798156738,-0.982346716709435,-0.014371587421919685,21.696248108148573
298,11.087,514,60.74,153600,75,740,0.13447265625,0.4072922468185425,0.2,0.013212069,0.0003,10.542555809020996,-0.967098830640316,-0.016701033823483157,22.6199240475893
301,12.049,515,58.67,155648,76,750,0.123779296875,0.37302684783935547,0.2,0.011849621,0.0003,8.576408386230469,-0.9192568734288216,-0.011427828886371571,20.503583922982216
305,7.452000000000002,516,65.98,157696,77,760,0.17431640625,0.3938930034637451,0.2,0.018964283,0.0003,5.145298480987549,-1.0140689861029386,-0.020969526609405875,16.166193014383317
308,5.858,518,67.57,159744,78,770,0.14697265625,0.5389326810836792,0.2,0.014069966,0.0003,9.357038497924805,-0.9994483897462487,-0.01415654040465597,22.099473571777345
311,8.017999999999999,519,63.75,161792,79,780,0.150146484375,0.3781336545944214,0.2,0.01162016,0.0003,7.157380104064941,-0.9387784959748388,-0.015529377908387687,19.77551148682833
314,6.712000000000001,520,66.51,163840,80,790,0.16201171875,0.2765076756477356,0.2,0.017328344,0.0003,7.371735095977783,-0.9066865809261799,-0.02198631442443002,18.61145058274269
317,8.508,521,62.98,165888,81,800,0.154931640625,0.4180788993835449,0.2,0.019991482,0.0003,8.153938293457031,-0.9939116625115275,-0.014546072793018538,16.896262453496455
321,5.207999999999999,522,69.48,167936,82,810,0.1392578125,0.2817186117172241,0.2,0.014706187,0.0003,3.464944362640381,-0.9381884640082717,-0.011754510643368122,14.852773705124855
324,7.0299999999999985,523,67.12,169984,83,820,0.1490234375,0.572227954864502,0.2,0.016344637,0.0003,5.86527681350708,-0.9773484652861952,-0.015203404558997135,18.310647532343864
327,8.378999999999998,524,65.5,172032,84,830,0.12822265625,0.5367391109466553,0.2,0.011705304,0.0003,14.075806617736816,-0.9824348706752062,-0.012152444804087281,26.395987021923066
331,7.167999999999998,525,66.8,174080,85,840,0.1255859375,0.5578506588935852,0.2,0.012356546,0.0003,9.480932235717773,-0.9422497918829322,-0.012660404996131547,22.37033322751522
334,7.835,526,65.85,176128,86,850,0.1494140625,0.6362146735191345,0.2,0.013506155,0.0003,6.557404518127441,-0.9979263080284,-0.011270151800999884,25.196711346507072
337,6.751,527,67.62,178176,87,860,0.14208984375,0.3860548734664917,0.2,0.021497477,0.0003,7.590263843536377,-0.9596040697768331,-0.015327727081603371,24.833730408549307
340,8.539,528,64.54,180224,88,870,0.145166015625,0.5123859643936157,0.2,0.013969621,0.0003,9.77707576751709,-0.9832445630803704,-0.01741631025215611,24.16511172056198
344,10.02,529,61.28,182272,89,880,0.16025390625,0.5746891498565674,0.2,0.014073832,0.0003,9.04039478302002,-0.9378225376829505,-0.014117073913803324,20.62967988550663
347,11.554000000000004,530,59.09,184320,90,890,0.140576171875,0.6293351650238037,0.2,0.013897153,0.0003,9.773258209228516,-0.9407320914790034,-0.01729861238854937,22.712690880894662
350,9.426,531,61.77,186368,91,900,0.1224609375,0.5161189436912537,0.2,0.011758778,0.0003,12.598031044006348,-0.9310394991189241,-0.015102597173245158,27.8311990827322
353,8.940999999999999,532,62.11,188416,92,910,0.14443359375,0.48550260066986084,0.2,0.014224556,0.0003,3.7714600563049316,-0.9963465658947825,-0.016512740725011098,21.145084741711617
357,5.617999999999999,533,67.53,190464,93,920,0.161328125,0.43873482942581177,0.2,0.016804982,0.0003,6.114117622375488,-0.9609856314957141,-0.012849634821759538,16.84275810420513
360,6.781999999999999,533,65.72,192512,94,930,0.179638671875,0.5694807767868042,0.2,0.015618997,0.0003,5.688376426696777,-0.9965601433068514,-0.015862858739274087,18.556253857910633
363,8.253,534,64.51,194560,95,940,0.150146484375,0.5648683309555054,0.2,0.015604528,0.0003,16.029062271118164,-0.9392372002825141,-0.01813206352235284,24.682321611046792
367,10.928000000000003,535,60.04,196608,96,950,0.12080078125,0.4330630898475647,0.2,0.013762342,0.0003,10.211153030395508,-0.8976318188011646,-0.014127964385261293,22.81660884320736
370,8.406,536,64.03,198656,97,960,0.135693359375,0.6225714683532715,0.2,0.012914594,0.0003,7.778170108795166,-0.9422060418874025,-0.01417532159757684,19.165158304572106
373,3.706000000000001,537,70.39,200704,98,970,0.16279296875,0.6158288717269897,0.2,0.01600296,0.0003,10.937704086303711,-1.0053734404966235,-0.015574166653095745,20.988976380228998
376,4.047000000000001,538,69.98,202752,99,980,0.1494140625,0.45070570707321167,0.2,0.0148267,0.0003,4.295244216918945,-1.032112787105143,-0.015015959099400789,17.655707792937754
379,7.403000000000002,539,65.12,204800,100,990,0.12470703125,0.5107568502426147,0.2,0.010393197,0.0003,7.862105369567871,-0.8971916479989887,-0.014344649836129975,22.564697310328484
383,13.741,539,56.23,206848,101,1000,0.135791015625,0.5945436954498291,0.2,0.013001792,0.0003,12.753093719482422,-0.8721537353470922,-0.01455345554568339,22.26588144004345
386,10.936,540,60.16,208896,102,1010,0.122607421875,0.6806069612503052,0.2,0.013356083,0.0003,11.011774063110352,-0.96406737472862,-0.013199879438616335,23.026163196563722
389,8.099,541,64.41,210944,103,1020,0.17265625,0.48600155115127563,0.2,0.016654417,0.0003,5.00220251083374,-0.9252347012981772,-0.021522690530400724,17.20995839834213
392,10.169999999999998,542,60.92,212992,104,1030,0.12314453125,0.5678842663764954,0.2,0.014675476,0.0003,4.597538471221924,-0.9675020702183247,-0.01398907802940812,18.006403851509095
396,13.318000000000001,542,57.06,215040,105,1040,0.14326171875,0.593424916267395,0.2,0.014513165,0.0003,7.876038551330566,-0.9187452230602503,-0.015308794179873075,21.428185963630675
399,10.245,543,61.4,217088,106,1050,0.150341796875,0.6844706535339355,0.2,0.013640465,0.0003,8.595306396484375,-0.8726699845865369,-0.015637694447650573,19.863567039370537
402,9.17,543,63.4,219136,107,1060,0.147412109375,0.4659934639930725,0.2,0.012942413,0.0003,4.024778842926025,-1.027069235034287,-0.012178634824522305,14.291582936048508
406,9.573000000000002,544,62.74,221184,108,1070,0.13291015625,0.6393770575523376,0.2,0.011530694,0.0003,9.479416847229004,-0.9071948667988181,-0.015486920331022702,20.24279628545046
409,12.067,545,58.33,223232,109,1080,0.1015625,0.673363983631134,0.2,0.010471088,0.0003,8.04842758178711,-0.9037822537124157,-0.014668067534512375,24.744593757390977
412,15.345999999999998,545,52.43,225280,110,1090,0.14736328125,0.546299934387207,0.2,0.0143582225,0.0003,6.247775077819824,-0.9225990368053317,-0.018703573563834654,19.20558180809021
415,15.054,546,52.7,227328,111,1100,0.122509765625,0.47168952226638794,0.2,0.01066737,0.0003,7.639368534088135,-0.8430114764720201,-0.012879095313110156,19.322499081492424
419,13.823999999999998,547,55.88,229376,112,1110,0.14453125,0.5964299440383911,0.2,0.014023077,0.0003,6.590105056762695,-0.8970612986013293,-0.015911353449337185,17.293200382590292
422,13.559000000000001,547,56.71,231424,113,1120,0.146044921875,0.7341160774230957,0.2,0.014250963,0.0003,6.880566120147705,-0.9559831669554114,-0.01589570405631093,20.720860117673872
425,11.157,548,60.73,233472,114,1130,0.1228515625,0.7475994825363159,0.2,0.013303273,0.0003,5.050949573516846,-0.9070467691868543,-0.010039791077724658,16.176571971178056
428,12.415000000000003,549,58.99,235520,115,1140,0.10556640625,0.7016961574554443,0.2,0.011037597,0.0003,7.746964454650879,-0.9251415688544512,-0.01032741922972491,24.677195823192598
432,16.112000000000002,549,52.42,237568,116,1150,0.13369140625,0.6105824708938599,0.2,0.0135298325,0.0003,8.431258201599121,-0.8823397278785705,-0.013702701713191346,27.99324613213539
435,15.568000000000001,550,54.16,239616,117,1160,0.158251953125,0.6089417934417725,0.2,0.016527206,0.0003,4.6936845779418945,-0.8570050390437245,-0.018118068919284268,18.194098441302778
438,15.496999999999998,550,54.54,241664,118,1170,0.135888671875,0.7494632005691528,0.2,0.012107449,0.0003,10.133681297302246,-0.9379927225410938,-0.013954508177266688,27.19540781378746
442,14.177,551,56.96,243712,119,1180,0.178173828125,0.5528793334960938,0.2,0.014342608,0.0003,5.9510064125061035,-0.9001791257411241,-0.01965020808856934,19.180026683211327
445,11.930000000000001,551,61.22,245760,120,1190,0.148681640625,0.6240455508232117,0.2,0.012471062,0.0003,7.777304172515869,-0.9801511080935598,-0.013121134346874896,15.816221342980862
448,11.338999999999999,552,61.61,247808,121,1200,0.164404296875,0.6546180248260498,0.2,0.014543441,0.0003,7.961019515991211,-0.9636206507682801,-0.016849819984054194,20.362126696109772
451,10.476999999999999,552,62.97,249856,122,1210,0.163134765625,0.47419244050979614,0.2,0.014295198,0.0003,7.06865119934082,-0.9210644256323576,-0.019150289753451944,18.35546061694622
455,15.856999999999998,553,52.1,251904,123,1220,0.164697265625,0.6271932125091553,0.2,0.013402452,0.0003,4.787883281707764,-0.9375155473127961,-0.014799223486625124,18.28711991906166
458,19.600999999999996,553,45.51,253952,124,1230,0.18525390625,0.3191581964492798,0.2,0.017351685,0.0003,3.5364668369293213,-0.7685708278790117,-0.017373497325752395,9.793761389702558
461,18.088,554,48.0,256000,125,1240,0.1533203125,0.47546589374542236,0.2,0.013659578,0.0003,4.749068737030029,-0.8297221269458532,-0.018544786545680834,10.690573371946812
464,17.715000000000003,555,48.62,258048,126,1250,0.146630859375,0.6110981702804565,0.2,0.0134390965,0.0003,3.803831100463867,-0.8553862733766436,-0.017569518987147602,12.644664819538594
468,13.509999999999998,555,54.76,260096,127,1260,0.183935546875,0.6686457991600037,0.2,0.0152072385,0.0003,3.323963165283203,-0.8733682055026293,-0.021853464434389024,14.734125366806984
471,12.331,556,57.13,262144,128,1270,0.128125,0.7555683851242065,0.2,0.013956446,0.0003,10.086174964904785,-0.8689103502780199,-0.016138426164980048,23.2536779910326
474,13.536999999999999,556,56.83,264192,129,1280,0.12880859375,0.8367063403129578,0.2,0.01151513,0.0003,9.281137466430664,-0.9133123066276312,-0.014652873578597791,26.946725222468377
478,15.530000000000003,556,53.29,266240,130,1290,0.096728515625,0.7982984781265259,0.2,0.009634657,0.0003,15.233826637268066,-0.8843412371352315,-0.012435333330358844,42.80693402290344
481,17.569,557,49.05,268288,131,1300,0.13544921875,0.6038538813591003,0.2,0.01347669,0.0003,7.406016826629639,-0.7929047921672463,-0.014213455862045522,17.742849288880826
484,21.217000000000002,557,42.34,270336,132,1310,0.120263671875,0.7856336236000061,0.2,0.014341554,0.0003,9.615957260131836,-0.823957989551127,-0.015104202789370903,22.94150285422802
488,17.262999999999998,558,48.73,272384,133,1320,0.132275390625,0.7758570313453674,0.2,0.016959468,0.0003,8.705636024475098,-0.7385521549731493,-0.016544240969233216,20.709155742824077
491,17.179000000000002,558,49.23,274432,134,1330,0.14345703125,0.7224305868148804,0.2,0.012630329,0.0003,19.378217697143555,-0.875375322252512,-0.01600096056208713,23.949837881326676
494,17.855,558,48.61,276480,135,1340,0.156787109375,0.43571293354034424,0.2,0.01707888,0.0003,6.7096781730651855,-0.7579569842666387,-0.01883211111999117,19.72150546312332
498,17.203000000000003,559,49.73,278528,136,1350,0.1783203125,0.6841485500335693,0.2,0.022242134,0.0003,2.8275766372680664,-0.8693330964073539,-0.01848021735495422,13.483393202722073
501,16.883,559,48.33,280576,137,1360,0.15205078125,0.649527907371521,0.2,0.013772896,0.0003,3.208099603652954,-0.7617727134376764,-0.014560929084836971,15.194309897720814
504,18.031,559,46.87,282624,138,1370,0.14677734375,0.7188825607299805,0.2,0.017484695,0.0003,3.4863147735595703,-0.8503512809053063,-0.015364685645909048,15.55421474725008
508,18.081,560,47.91,284672,139,1380,0.159326171875,0.4759719967842102,0.2,0.01845415,0.0003,4.561866760253906,-0.7323366304859519,-0.022927496655029245,13.793573920428752
511,19.31,560,45.55,286720,140,1390,0.165478515625,0.6956647634506226,0.2,0.016588846,0.0003,3.765122652053833,-0.8343365138396621,-0.01375176802102942,12.570153585076332
514,23.019000000000002,560,38.84,288768,141,1400,0.15185546875,0.6418678760528564,0.2,0.016071793,0.0003,3.7763278484344482,-0.6763425271958112,-0.01594301250297576,10.58201999142766
517,22.818999999999996,561,39.14,290816,142,1410,0.13955078125,0.659136176109314,0.2,0.013217234,0.0003,5.151240825653076,-0.6661297354847193,-0.014375972174457274,8.044799269735813
521,21.073000000000008,561,41.83,292864,143,1420,0.13271484375,0.7254431247711182,0.2,0.013924848,0.0003,1.9532456398010254,-0.6783245403319598,-0.0148341130479821,7.874208225309848
524,18.761,562,45.9,294912,144,1430,0.124853515625,0.7045365571975708,0.2,0.013316472,0.0003,4.837465763092041,-0.7540406310930848,-0.011761322198435665,10.270373065024614
527,17.563,562,48.04,296960,145,1440,0.139013671875,0.7839534878730774,0.2,0.014342608,0.0003,3.953057050704956,-0.7975032076239585,-0.018160476366756485,10.773420216143132
531,20.018,563,43.3,299008,146,1450,0.121484375,0.7725849747657776,0.2,0.014395296,0.0003,7.29734468460083,-0.7751892190426588,-0.015515262335247826,15.156893984973431
534,24.903000000000006,563,35.01,301056,147,1460,0.1400390625,0.6598916053771973,0.2,0.01221551,0.0003,2.670320510864258,-0.6879952559247613,-0.014860762587341014,10.021549805998802
537,21.784000000000002,563,40.34,303104,148,1470,0.126416015625,0.7451658844947815,0.2,0.012210844,0.0003,3.584357738494873,-0.6174905708990991,-0.011620731584116584,9.591768854856491
540,19.773999999999997,564,44.34,305152,149,1480,0.146337890625,0.7182595729827881,0.2,0.018732827,0.0003,2.778975248336792,-0.7322550328448415,-0.011714554645004682,9.816868893802166
544,17.156,564,48.37,307200,150,1490,0.143994140625,0.7106835842132568,0.2,0.014310429,0.0003,4.586920261383057,-0.6729245705530047,-0.020570148900151252,13.438270053267479
547,17.491999999999997,565,47.85,309248,151,1500,0.15380859375,0.7230276465415955,0.2,0.021011766,0.0003,4.283767223358154,-0.8330170525237918,-0.018896716480958274,12.318884386122226
550,18.794,565,46.16,311296,152,1510,0.1220703125,0.7514649629592896,0.2,0.0100172255,0.0003,4.3282270431518555,-0.7483179237693548,-0.009805134535417892,18.0892367079854
554,20.429,565,42.36,313344,153,1520,0.124951171875,0.7293667793273926,0.2,0.011194188,0.0003,4.371382236480713,-0.7364614142104984,-0.009455174853792414,13.201368652284145
557,20.569000000000003,565,41.99,315392,154,1530,0.1318359375,0.3746032118797302,0.2,0.012372116,0.0003,3.643953561782837,-0.6813386240974069,-0.014836416265461594,8.547070048749447
560,18.612000000000002,566,45.12,317440,155,1540,0.136376953125,0.7168216705322266,0.2,0.013334937,0.0003,3.0759663581848145,-0.7367259383201599,-0.01351999742037151,10.324106727540492
563,17.213,566,48.08,319488,156,1550,0.131982421875,0.7769489884376526,0.2,0.01435781,0.0003,2.2171120643615723,-0.7096519619226456,-0.014189440962218214,13.558105178177357
567,18.26,566,46.52,321536,157,1560,0.149951171875,0.8494453430175781,0.2,0.012642762,0.0003,10.370298385620117,-0.7711614899337291,-0.015467070262820926,20.531336607038973
570,20.084,567,43.87,323584,158,1570,0.144140625,0.621174693107605,0.2,0.016474672,0.0003,10.528199195861816,-0.7027068238705396,-0.016345408756751566,19.248675583302976
573,23.503999999999998,567,37.23,325632,159,1580,0.131298828125,0.7626007795333862,0.2,0.011879662,0.0003,4.430417537689209,-0.717814820446074,-0.016257925711397548,19.464287236332893
577,24.58,567,35.59,327680,160,1590,0.1267578125,0.7472641468048096,0.2,0.011797372,0.0003,3.9596564769744873,-0.5803587425500154,-0.017098929813073482,14.665965586900711
580,20.803,568,43.52,329728,161,1600,0.13193359375,0.7538807988166809,0.2,0.016189951,0.0003,2.891810655593872,-0.6477035000920296,-0.014326142457866809,10.401202102005481
583,20.387999999999998,568,44.05,331776,162,1610,0.120068359375,0.7800844311714172,0.2,0.010576906,0.0003,5.545879364013672,-0.7646608168259263,-0.013451326475478708,23.3816904053092
586,22.364,568,39.94,333824,163,1620,0.1609375,0.8039811849594116,0.2,0.018316729,0.0003,5.119848728179932,-0.6554651750251651,-0.021379123446240555,12.10544257685542
590,22.621000000000002,569,39.73,335872,164,1630,0.126953125,0.7801185846328735,0.2,0.014569141,0.0003,10.836061477661133,-0.6814995899796485,-0.014233851171047718,16.798277935385705
593,20.248999999999995,569,43.34,337920,165,1640,0.130810546875,0.7297639846801758,0.2,0.0140754,0.0003,3.9753780364990234,-0.6692530585452914,-0.01336865460179979,13.721646970510482
596,19.479,569,44.38,339968,166,1650,0.15888671875,0.7002906799316406,0.2,0.016891088,0.0003,4.037303924560547,-0.7474481146782637,-0.014675346639705822,11.109166019409894
599,21.132999999999996,570,41.11,342016,167,1660,0.128173828125,0.733992338180542,0.2,0.01290969,0.0003,5.196860313415527,-0.6946940327063202,-0.015529409669397864,14.778336264193058
603,18.695000000000004,570,45.39,344064,168,1670,0.13818359375,0.808587372303009,0.2,0.014009014,0.0003,14.84568977355957,-0.6988777380436659,-0.019031534774694592,18.5138409614563
606,17.22,570,48.56,346112,169,1680,0.12373046875,0.832844614982605,0.2,0.012423715,0.0003,9.756243705749512,-0.7539404595270753,-0.014005064073717221,21.90041990876198
609,18.175,570,47.39,348160,170,1690,0.11142578125,0.8234540224075317,0.2,0.011322813,0.0003,6.791488170623779,-0.7189147951081395,-0.010623597554513253,23.730523742735386
613,18.337,571,47.1,350208,171,1700,0.113427734375,0.8288794159889221,0.2,0.011481208,0.0003,13.050121307373047,-0.7085303409025073,-0.014613179452135227,25.698597291111945
616,13.360999999999999,571,55.72,352256,172,1710,0.138427734375,0.8236215710639954,0.2,0.011859167,0.0003,16.182199478149414,-0.8323103588074445,-0.014995012459985446,28.89784127175808
619,17.916,571,46.68,354304,173,1720,0.17333984375,0.6742365956306458,0.2,0.019258799,0.0003,2.5492594242095947,-0.8610024088993669,-0.01564117518864805,17.04589423388243
622,21.229,572,40.37,356352,174,1730,0.1220703125,0.6811636686325073,0.2,0.012803733,0.0003,9.623409271240234,-0.6359270851127803,-0.0162799265148351,21.408498500287532
625,21.527,572,39.99,358400,175,1740,0.167919921875,0.8098695874214172,0.2,0.018716644,0.0003,2.5310041904449463,-0.7160490369424224,-0.015971446331241167,13.387623231858015
629,20.862999999999996,572,42.09,360448,176,1750,0.133349609375,0.8269698619842529,0.2,0.012652094,0.0003,3.391207695007324,-0.6441004837863147,-0.016566241963300855,19.285783402621746
632,19.076999999999998,573,44.54,362496,177,1760,0.152880859375,0.857681393623352,0.2,0.017508354,0.0003,6.304075717926025,-0.7475917773321271,-0.014016565489873756,17.66961775571108
635,20.811999999999998,573,41.39,364544,178,1770,0.127978515625,0.6665112972259521,0.2,0.011706811,0.0003,5.563634395599365,-0.6682799173519015,-0.013984518111101352,17.093278932571412
639,20.584,573,41.28,366592,179,1780,0.126123046875,0.8315219879150391,0.2,0.0140298875,0.0003,4.564584732055664,-0.7177749261260032,-0.013045465858886019,18.35454216003418
642,19.865999999999996,573,42.46,368640,180,1790,0.179443359375,0.7389281988143921,0.2,0.018255796,0.0003,7.9263482093811035,-0.7019729787483812,-0.021840513285133055,15.112175698578358
645,19.051,574,44.67,370688,181,1800,0.14052734375,0.7906304597854614,0.2,0.015494298,0.0003,7.845274925231934,-0.7345459436997771,-0.01273088154848665,14.012596536427736
648,20.081000000000003,574,43.28,372736,182,1810,0.13671875,0.7977225184440613,0.2,0.014908904,0.0003,5.815043926239014,-0.7250160252675414,-0.01611789150410914,13.727478507906199
652,17.809000000000005,574,47.22,374784,183,1820,0.1396484375,0.7749654054641724,0.2,0.01640059,0.0003,7.580577850341797,-0.7166142050176859,-0.01334531680913642,21.548688171803953
655,15.758000000000004,575,50.69,376832,184,1830,0.14677734375,0.834158182144165,0.2,0.011671046,0.0003,8.689166069030762,-0.7225834840908647,-0.01813383644039277,29.598857298493385
658,16.905,575,48.87,378880,185,1840,0.1775390625,0.7252680659294128,0.2,0.02015739,0.0003,5.73671293258667,-0.7344172529876232,-0.019990226307709236,20.814850848913192
661,18.017,575,46.9,380928,186,1850,0.14560546875,0.7152131795883179,0.2,0.018635426,0.0003,8.085895538330078,-0.683321288228035,-0.01567121570551535,20.915566523373126
665,18.776,575,45.72,382976,187,1860,0.14541015625,0.8302192091941833,0.2,0.014548127,0.0003,6.169076919555664,-0.7431632883846759,-0.014103219451499172,22.182222704589368
668,17.843000000000004,576,47.4,385024,188,1870,0.1525390625,0.810054361820221,0.2,0.016376087,0.0003,11.499544143676758,-0.7680566692724824,-0.015331886932835914,30.820913624763488
671,20.1,576,42.2,387072,189,1880,0.15546875,0.8019338846206665,0.2,0.016528891,0.0003,6.482128143310547,-0.6905203061178327,-0.018053294805577026,16.88302071839571
674,19.834,576,43.0,389120,190,1890,0.117626953125,0.6696889996528625,0.2,0.010327906,0.0003,15.59074878692627,-0.6478936593979597,-0.012641963067289907,19.400082145631313
678,20.259000000000004,576,43.16,391168,191,1900,0.130224609375,0.7753575444221497,0.2,0.015629144,0.0003,7.13405179977417,-0.7267343433573842,-0.014486913153086789,22.040838716924192
681,24.566,576,35.21,393216,192,1910,0.14501953125,0.804973304271698,0.2,0.013308752,0.0003,4.924195766448975,-0.6493366714566946,-0.015448818422737532,18.199695736169815
684,22.562,577,38.72,395264,193,1920,0.110400390625,0.7498581409454346,0.2,0.011011282,0.0003,11.024260520935059,-0.5953792988322675,-0.014476599173940485,21.764396201074124
687,20.046999999999997,577,43.89,397312,194,1930,0.160693359375,0.7395672798156738,0.2,0.015652224,0.0003,5.3023762702941895,-0.7253572164103389,-0.015930011933960486,15.540190333127976
691,19.619999999999994,577,44.98,399360,195,1940,0.12021484375,0.8100746273994446,0.2,0.010716856,0.0003,8.83699893951416,-0.6821252211928368,-0.012167049887648319,17.175775167346
694,19.461000000000002,578,44.91,401408,196,1950,0.15546875,0.755875825881958,0.2,0.016023941,0.0003,2.1727473735809326,-0.7057332538068295,-0.013022359325259459,12.23258389160037
697,22.62,578,39.16,403456,197,1960,0.14150390625,0.7948325276374817,0.2,0.012582125,0.0003,3.52721905708313,-0.6790882025845348,-0.01899792449112283,19.687587586045264
701,21.183000000000007,578,40.69,405504,198,1970,0.130712890625,0.6131447553634644,0.2,0.015961114,0.0003,4.306159019470215,-0.5775503086857497,-0.019772028022271116,12.606542064249515
704,20.396,578,42.07,407552,199,1980,0.14755859375,0.6424596309661865,0.2,0.014700959,0.0003,6.168607234954834,-0.7350477134808898,-0.013936879082757514,14.72513928860426
707,22.743,578,39.04,409600,200,1990,0.15849609375,0.7650502324104309,0.2,0.015025033,0.0003,4.242835998535156,-0.6559858283028006,-0.018576146171835718,11.1064672768116
710,21.974,579,40.48,411648,201,2000,0.151611328125,0.7137050032615662,0.2,0.018805012,0.0003,2.567878007888794,-0.6096839456818998,-0.00959655146143632,8.160141430795193
713,20.826999999999998,579,42.34,413696,202,2010,0.1212890625,0.7483196258544922,0.2,0.014336448,0.0003,5.1354780197143555,-0.644696397241205,-0.014697762139257975,11.032410230487585
717,18.998,579,45.51,415744,203,2020,0.11884765625,0.7716057300567627,0.2,0.012485243,0.0003,2.356640577316284,-0.6306532189249993,-0.010632212725613498,8.964985886961221
720,18.084,579,46.78,417792,204,2030,0.135595703125,0.7412487864494324,0.2,0.0137705915,0.0003,3.0925703048706055,-0.7018800945952535,-0.016428926767548546,14.34360962063074
723,17.737999999999996,580,47.34,419840,205,2040,0.160205078125,0.725554347038269,0.2,0.023258256,0.0003,4.906515121459961,-0.6773833084851504,-0.016525060796993785,12.761380692571402
727,20.209,580,43.86,421888,206,2050,0.1529296875,0.7890295386314392,0.2,0.015018166,0.0003,5.054347515106201,-0.701262622885406,-0.018818818432919215,16.09524237513542
730,18.727000000000004,580,46.55,423936,207,2060,0.1302734375,0.8187541961669922,0.2,0.011524408,0.0003,11.577003479003906,-0.6535815354436636,-0.018880293527035973,18.703969733417033
733,17.604999999999997,580,48.78,425984,208,2070,0.122021484375,0.8359217643737793,0.2,0.012242621,0.0003,7.582492351531982,-0.7576283311471343,-0.01593049469011021,26.670131202042104
737,18.252,580,47.18,428032,209,2080,0.14267578125,0.8373889327049255,0.2,0.012674658,0.0003,17.74994468688965,-0.7230258882045746,-0.018474152409180534,26.89445248246193
740,18.004,581,47.13,430080,210,2090,0.131103515625,0.8105989694595337,0.2,0.013983144,0.0003,16.1577205657959,-0.6563173050060869,-0.015739925131492784,27.182133546471597
743,19.660999999999998,581,43.97,432128,211,2100,0.127490234375,0.7729218602180481,0.2,0.01531638,0.0003,4.844398021697998,-0.7487657409161329,-0.01045836940756999,25.69728267490864
746,16.154,581,49.29,434176,212,2110,0.11025390625,0.8281337022781372,0.2,0.011261928,0.0003,5.423042297363281,-0.6431303972378373,-0.015334937455190812,26.26081998348236
749,17.188,581,46.69,436224,213,2120,0.19111328125,0.8573024868965149,0.2,0.018630575,0.0003,5.809261322021484,-0.8681511731818319,-0.015604628663277253,28.606948536634444
753,18.917,581,44.73,438272,214,2130,0.117822265625,0.6169945001602173,0.2,0.009563282,0.0003,5.109623432159424,-0.6322992066852748,-0.011634375595895108,24.4665964782238
756,20.457000000000004,582,42.73,440320,215,2140,0.154345703125,0.8804273009300232,0.2,0.013012156,0.0003,16.381290435791016,-0.7665147127583622,-0.016564482169633264,31.409445534646512
759,21.882,582,38.77,442368,216,2150,0.12158203125,0.7581164836883545,0.2,0.013440665,0.0003,15.093277931213379,-0.6197032448835671,-0.01482401926041348,36.85550117790699
763,21.778,582,39.3,444416,217,2160,0.13212890625,0.7980326414108276,0.2,0.014240142,0.0003,9.351804733276367,-0.6671816988848149,-0.015458357494208031,21.237025763094426
766,21.983,582,40.57,446464,218,2170,0.1447265625,0.7626093626022339,0.2,0.0152558945,0.0003,4.566446781158447,-0.6208536485210061,-0.016162951455044094,15.898595827817918
769,22.107999999999997,582,39.29,448512,219,2180,0.156103515625,0.7710769772529602,0.2,0.02027431,0.0003,2.3138797283172607,-0.658840705268085,-0.01194155413104454,10.295116111636162
772,22.837,582,37.6,450560,220,2190,0.149072265625,0.5858049392700195,0.2,0.026455268,0.0003,2.251068353652954,-0.5995451345108449,-0.011203480033145752,7.442923232167959
776,21.726999999999997,583,39.3,452608,221,2200,0.147412109375,0.7665562629699707,0.2,0.013845807,0.0003,6.729972839355469,-0.5486084160394966,-0.016843622690066694,11.119721791148185
779,19.356,583,42.8,454656,222,2210,0.1208984375,0.762862503528595,0.2,0.015342215,0.0003,4.74232816696167,-0.675457590073347,-0.011691806980525143,11.920592873543502
782,21.432,583,40.09,456704,223,2220,0.138427734375,0.785269021987915,0.2,0.013654593,0.0003,1.7401468753814697,-0.6655489094555378,-0.015676265268120916,13.543874732404948
785,23.252999999999997,583,37.56,458752,224,2230,0.14072265625,0.6656215190887451,0.2,0.015085389,0.0003,4.94024658203125,-0.6258062154054642,-0.01880342518707039,11.848535361886025
789,22.331,583,37.78,460800,225,2240,0.12490234375,0.7244154810905457,0.2,0.016952934,0.0003,2.0546979904174805,-0.5106245857663453,-0.015833680181822275,7.947520800679922
792,20.059,584,40.85,462848,226,2250,0.143994140625,0.7959326505661011,0.2,0.015639124,0.0003,1.4769889116287231,-0.7083687432110309,-0.017343452424393037,10.732487106323243
795,24.697,584,35.15,464896,227,2260,0.1271484375,0.8015549778938293,0.2,0.011648871,0.0003,7.682200908660889,-0.6761661377735436,-0.015003464656183496,19.448305624723435
799,24.055999999999997,584,36.81,466944,228,2270,0.09970703125,0.8052793145179749,0.2,0.010802374,0.0003,6.1945390701293945,-0.5464054479263722,-0.01589261390181491,14.401805049180984
802,23.586,584,37.82,468992,229,2280,0.1505859375,0.7329906225204468,0.2,0.015645355,0.0003,2.4657773971557617,-0.5977908863686026,-0.023775782781012823,12.69391048848629
805,22.935,584,38.57,471040,230,2290,0.11611328125,0.7240062952041626,0.2,0.0111922575,0.0003,4.262362003326416,-0.5550543678924441,-0.015832910427707247,12.01377874314785
809,20.67,584,42.84,473088,231,2300,0.14287109375,0.8524704575538635,0.2,0.012673734,0.0003,2.875328779220581,-0.6516693524084985,-0.017797817813698203,13.875756159424782
812,20.305999999999997,584,43.5,475136,232,2310,0.1583984375,0.7388319373130798,0.2,0.017844427,0.0003,7.661442279815674,-0.6840937697328627,-0.01985797637680662,16.91215041577816
815,18.1,584,47.26,477184,233,2320,0.12939453125,0.7787139415740967,0.2,0.013899498,0.0003,5.092642307281494,-0.6777444794774056,-0.015530201079673133,17.616287356615068
819,19.536,585,45.04,479232,234,2330,0.141748046875,0.864604115486145,0.2,0.016541544,0.0003,7.344216346740723,-0.7079438308253885,-0.014829606814600993,18.47549689114094
822,19.641999999999996,585,44.67,481280,235,2340,0.143310546875,0.8514924049377441,0.2,0.013636057,0.0003,11.615659713745117,-0.6636621186509728,-0.020266250550048426,18.1328427746892
825,21.035999999999998,585,42.19,483328,236,2350,0.138720703125,0.8480331897735596,0.2,0.012811321,0.0003,8.446088790893555,-0.7618816336616874,-0.01667420723970281,28.767024430632592
828,23.028999999999996,585,38.8,485376,237,2360,0.148974609375,0.6252111196517944,0.2,0.020132247,0.0003,3.8744492530822754,-0.6175112498924136,-0.021922908090709826,14.39857607036829
832,24.575,585,35.43,487424,238,2370,0.157080078125,0.6270699501037598,0.2,0.0153831905,0.0003,7.328388214111328,-0.6259803251363337,-0.01907055781921372,13.586241246759892
835,22.592000000000002,585,38.63,489472,239,2380,0.141796875,0.5593901872634888,0.2,0.015606396,0.0003,3.32669734954834,-0.5427195269614458,-0.018222395189513917,9.464580407738685
838,17.476000000000003,586,47.89,491520,240,2390,0.18427734375,0.7739638686180115,0.2,0.019514585,0.0003,3.467068910598755,-0.7565118119120597,-0.020174727487028577,12.045356069505214
841,17.405,586,47.21,493568,241,2400,0.152001953125,0.7597560286521912,0.2,0.017031968,0.0003,7.2567458152771,-0.8497889414429665,-0.01793158742802916,18.34101098924875
845,18.193,586,46.18,495616,242,2410,0.183056640625,0.5861191749572754,0.2,0.018924298,0.0003,5.389164447784424,-0.7051230667158961,-0.021766621286224107,10.710903903096915
848,19.686,586,44.33,497664,243,2420,0.18857421875,0.7162950038909912,0.2,0.023246324,0.0003,7.444531440734863,-0.7817246954888105,-0.02226725842920132,17.16528668999672
851,18.207,586,46.67,499712,244,2430,0.157763671875,0.8422227501869202,0.2,0.018073147,0.0003,6.753935813903809,-0.7377659479156137,-0.017528251756448298,16.552888377010824
854,13.612,586,52.72,501760,245,2440,0.1720703125,0.5916091799736023,0.2,0.01758423,0.0003,8.514451026916504,-0.7548264794051647,-0.023612656295881607,16.497864408791067
858,18.694999999999997,587,44.17,503808,246,2450,0.17685546875,0.6230943202972412,0.2,0.014831486,0.0003,2.016552448272705,-0.8603197947144509,-0.016516004654113202,11.090902469307185
861,21.957000000000004,587,40.17,505856,247,2460,0.142431640625,0.8155324459075928,0.2,0.015855059,0.0003,2.888922691345215,-0.5910776005126536,-0.01936418390250765,13.059834031015635
864,17.475,587,47.24,507904,248,2470,0.14853515625,0.7660237550735474,0.2,0.016087508,0.0003,3.962343692779541,-0.7128244897350668,-0.017556596345093566,13.818065162003041
867,13.689,587,54.11,509952,249,2480,0.170458984375,0.770260751247406,0.2,0.026791263,0.0003,8.024774551391602,-0.7917483428493142,-0.016551349548535654,17.10195184201002
871,21.018,587,41.49,512000,250,2490,0.156494140625,0.8036472797393799,0.2,0.016593043,0.0003,3.427340269088745,-0.7836947735399008,-0.017969692256883718,16.009043560177087
874,23.727000000000007,587,36.69,514048,251,2500,0.1359375,0.7325057983398438,0.2,0.013900232,0.0003,8.73410701751709,-0.5558946876786649,-0.016322017130733002,17.717264503240585
877,22.248,588,39.34,516096,252,2510,0.17216796875,0.8788875937461853,0.2,0.031136341,0.0003,2.575805425643921,-0.7126044562086463,-0.021125779800058808,19.105557072907686
880,24.252999999999997,588,35.64,518144,253,2520,0.131396484375,0.7985190153121948,0.2,0.015463468,0.0003,4.017794132232666,-0.6077032410539687,-0.017210296061239205,14.033310656994582
884,20.147000000000002,588,43.25,520192,254,2530,0.155810546875,0.8026143312454224,0.2,0.017062211,0.0003,2.8391151428222656,-0.6296368110924959,-0.021733670952380636,12.633799378573894
887,20.023999999999997,588,44.3,522240,255,2540,0.172412109375,0.8655819892883301,0.2,0.017947905,0.0003,5.076267242431641,-0.7897780703380703,-0.018499757153040263,16.93187147527933
890,23.162000000000003,588,38.65,524288,256,2550,0.130029296875,0.7053448557853699,0.2,0.0115820505,0.0003,6.024761199951172,-0.6276355282403528,-0.019169919058913364,19.33860995620489
894,22.736000000000004,588,38.78,526336,257,2560,0.1439453125,0.7426393032073975,0.2,0.014800127,0.0003,3.032135248184204,-0.5819048086181283,-0.013332222888129764,11.87817799001932
897,19.662,588,42.6,528384,258,2570,0.165234375,0.6822097301483154,0.2,0.016142739,0.0003,3.97839617729187,-0.646728431712836,-0.02095376730285352,11.609598526358605
900,17.683999999999997,589,44.66,530432,259,2580,0.20166015625,0.6761289834976196,0.2,0.023574749,0.0003,3.1179358959198,-0.7974260544404388,-0.018191517381637823,9.450456599891186
903,19.527,589,42.59,532480,260,2590,0.152099609375,0.597831130027771,0.2,0.019085212,0.0003,1.7825582027435303,-0.5959995341487229,-0.011393855014466681,7.997828504443168
907,19.150999999999996,589,45.15,534528,261,2600,0.17578125,0.814445972442627,0.2,0.017311294,0.0003,5.679914474487305,-0.6830893831327558,-0.0201641178355203,10.882687026262284
910,19.671999999999997,589,43.99,536576,262,2610,0.14462890625,0.8149571418762207,0.2,0.020019326,0.0003,2.720184326171875,-0.6889628818258643,-0.01824876696045976,12.688031804561614
913,20.434,589,42.29,538624,263,2620,0.10048828125,0.7724874019622803,0.2,0.01030442,0.0003,5.676692008972168,-0.6533055758103729,-0.011785177724959794,16.559750925004483
916,22.243,589,39.51,540672,264,2630,0.131689453125,0.8239317536354065,0.2,0.014099547,0.0003,6.577688694000244,-0.6607778178527951,-0.014334183638857212,14.124216090142728
920,23.189,589,37.92,542720,265,2640,0.11962890625,0.8540159463882446,0.2,0.011793128,0.0003,5.6914591789245605,-0.5887690721079707,-0.02102759814442834,22.308281891047955
923,22.09,589,40.09,544768,266,2650,0.112646484375,0.7995622754096985,0.2,0.010771224,0.0003,7.39746618270874,-0.5868161639198661,-0.017866391346615274,21.017029964923857
926,21.105999999999998,589,41.86,546816,267,2660,0.141357421875,0.7532723546028137,0.2,0.015809603,0.0003,6.475144863128662,-0.6637025957927107,-0.018624459153215867,17.54998898357153
929,22.26,590,39.51,548864,268,2670,0.147119140625,0.8097734451293945,0.2,0.013527142,0.0003,4.2547607421875,-0.6849404795095324,-0.021551941719371824,15.670754745602608
933,19.271,590,44.83,550912,269,2680,0.114306640625,0.7954843640327454,0.2,0.011685191,0.0003,4.914958953857422,-0.5632545763626695,-0.011955880174355116,12.158073512464762
936,19.38,590,44.75,552960,270,2690,0.171533203125,0.825712263584137,0.2,0.020194937,0.0003,5.514992713928223,-0.7895326921716332,-0.02229488565644715,17.520269821584225
939,21.724,590,40.64,555008,271,2700,0.1578125,0.7198110818862915,0.2,0.016483702,0.0003,6.174706935882568,-0.6521518970839679,-0.017317041008209345,15.530261139571667
942,20.416,590,43.35,557056,272,2710,0.13720703125,0.7224756479263306,0.2,0.0145701505,0.0003,6.746580600738525,-0.6592197041958571,-0.01757811661082087,19.588439781963825
946,17.771,590,48.85,559104,273,2720,0.157666015625,0.7926450967788696,0.2,0.0136684235,0.0003,8.956379890441895,-0.743904828839004,-0.020459908776683734,19.109667912125587
949,17.09,591,50.37,561152,274,2730,0.14873046875,0.8459641933441162,0.2,0.014659969,0.0003,6.218757152557373,-0.7580773044377566,-0.015578533057123423,20.814495062828065
952,21.855999999999998,591,40.84,563200,275,2740,0.13515625,0.7776196599006653,0.2,0.012794436,0.0003,7.956577301025391,-0.7250773908570409,-0.01658784456376452,31.466619911789895
956,17.75,591,48.19,565248,276,2750,0.13642578125,0.7551593780517578,0.2,0.015044991,0.0003,5.788680553436279,-0.6249360634014011,-0.015871770988451318,13.564777678251266
959,19.467999999999996,591,44.95,567296,277,2760,0.14931640625,0.8136908411979675,0.2,0.013491213,0.0003,11.87059497833252,-0.8695715732872487,-0.01829050689120777,33.51608585715294
962,20.276,591,43.46,569344,278,2770,0.15185546875,0.6440423130989075,0.2,0.01484586,0.0003,7.71312141418457,-0.6335598403587938,-0.023403811613388826,20.11694098263979
965,18.932000000000002,591,46.2,571392,279,2780,0.173486328125,0.7455024719238281,0.2,0.018017057,0.0003,15.203140258789062,-0.7295416301116348,-0.024978064026799984,18.27646047323942
969,17.887,591,48.58,573440,280,2790,0.15400390625,0.7974559664726257,0.2,0.01879239,0.0003,9.24860954284668,-0.7665093967691063,-0.0181592539549456,17.45318169593811
972,17.069000000000003,591,50.87,575488,281,2800,0.157470703125,0.8414732217788696,0.2,0.015272243,0.0003,2.8133316040039062,-0.7384276991710067,-0.019271174975438045,22.237405045330526
975,18.429000000000002,592,48.07,577536,282,2810,0.18037109375,0.754212498664856,0.2,0.018245064,0.0003,5.717793941497803,-0.792645032890141,-0.01944055154162925,22.641640400886537
978,20.851,592,42.8,579584,283,2820,0.1673828125,0.8268767595291138,0.2,0.016549757,0.0003,4.664757251739502,-0.6810070591047406,-0.014464141419739462,17.09557285755873
981,22.326999999999998,592,39.92,581632,284,2830,0.158740234375,0.7080814838409424,0.2,0.014873471,0.0003,4.392345905303955,-0.6618191005662084,-0.021224404012900776,13.952710124850274
985,19.438,592,45.01,583680,285,2840,0.154541015625,0.6943550109863281,0.2,0.018345792,0.0003,3.7722527980804443,-0.6105493892915547,-0.020315695482713635,12.333693048357963
988,18.462,592,45.09,585728,286,2850,0.170361328125,0.6571776866912842,0.2,0.017587202,0.0003,2.2253403663635254,-0.7597282644361257,-0.015989335979975296,13.053119294345379
991,19.589999999999996,592,43.42,587776,287,2860,0.1625,0.7079338431358337,0.2,0.01759594,0.0003,3.1123080253601074,-0.6700959049165249,-0.01542051126161823,12.220418814569712
995,19.02,592,45.75,589824,288,2870,0.158984375,0.8789542317390442,0.2,0.013684023,0.0003,3.941406011581421,-0.7224321756511927,-0.015516561749973335,15.801062526553869
998,21.864999999999995,592,40.2,591872,289,2880,0.150341796875,0.7511525750160217,0.2,0.017084494,0.0003,4.81874418258667,-0.6638671541586518,-0.021111290245607962,14.147394298762084
1001,20.796,592,41.69,593920,290,2890,0.133203125,0.7574810981750488,0.2,0.016878301,0.0003,6.656200408935547,-0.6040109857916832,-0.014736318292852957,15.207765053212643
1005,19.915,592,43.66,595968,291,2900,0.16611328125,0.8164240717887878,0.2,0.014502226,0.0003,4.704275131225586,-0.7322969978675247,-0.02333123592470656,14.21381485313177
1008,25.085,593,34.47,598016,292,2910,0.151171875,0.8042850494384766,0.2,0.016016986,0.0003,6.011941909790039,-0.6639283048920334,-0.020395050874503794,17.944610890746116
1011,25.366,593,34.03,600064,293,2920,0.126806640625,0.5734924674034119,0.2,0.019095445,0.0003,6.8170013427734375,-0.47217218531295657,-0.018873549786803778,11.175656544417143
1014,23.664,593,37.55,602112,294,2930,0.15478515625,0.6319509744644165,0.2,0.016920254,0.0003,2.3372180461883545,-0.5927050436846912,-0.011652588691504207,6.290865927934647
1018,20.752999999999997,593,42.76,604160,295,2940,0.1513671875,0.746180534362793,0.2,0.021361353,0.0003,4.270623683929443,-0.6582519322633743,-0.018561802679323593,8.197202599048614
1021,19.657,593,43.71,606208,296,2950,0.162255859375,0.723374605178833,0.2,0.01872119,0.0003,3.081958293914795,-0.7066399782896042,-0.022324596621911042,10.92494832277298
1024,18.436,593,46.28,608256,297,2960,0.13740234375,0.7504779100418091,0.2,0.013812047,0.0003,2.2803642749786377,-0.6707471428439021,-0.01224146799359005,8.861690535396338
1027,19.834,593,44.93,610304,298,2970,0.135546875,0.7198821902275085,0.2,0.014878909,0.0003,5.510449409484863,-0.7096735594794155,-0.016828538669506087,16.734130217134954
1031,16.807,593,50.45,612352,299,2980,0.102685546875,0.7722433805465698,0.2,0.01125406,0.0003,11.597354888916016,-0.7015986377373338,-0.016566262641572394,20.228596104681493
1034,18.090999999999998,594,47.88,614400,300,2990,0.1505859375,0.7764535546302795,0.2,0.01549122,0.0003,6.687991619110107,-0.788360103778541,-0.02022898214345332,20.87603880763054
1037,20.219,594,42.53,616448,301,3000,0.148828125,0.6848462820053101,0.2,0.014258821,0.0003,5.91742467880249,-0.615585021674633,-0.01924235882179346,14.447165302187205
1041,18.089999999999996,594,45.81,618496,302,3010,0.16748046875,0.6860396265983582,0.2,0.028823288,0.0003,3.1561503410339355,-0.6932226076722146,-0.017492202919675036,11.013845827430487
1044,21.054000000000002,594,41.83,620544,303,3020,0.139794921875,0.5157181620597839,0.2,0.012178469,0.0003,3.4320929050445557,-0.6343491597101092,-0.01466954110073857,14.170034568011761
1047,21.747999999999998,594,40.55,622592,304,3030,0.13193359375,0.7495898008346558,0.2,0.013706235,0.0003,3.600398540496826,-0.6382711904123426,-0.017143486144777852,12.39648704007268
1050,20.67,594,42.11,624640,305,3040,0.143408203125,0.8196806311607361,0.2,0.013531569,0.0003,3.3777782917022705,-0.6171212765388191,-0.019005039028706962,13.868259222060441
1054,22.526999999999997,594,39.49,626688,306,3050,0.155908203125,0.846900463104248,0.2,0.0144609455,0.0003,6.6090569496154785,-0.6866686007939279,-0.021216157684102656,14.13974022269249
1057,22.461,594,39.34,628736,307,3060,0.11943359375,0.8175687193870544,0.2,0.01570972,0.0003,5.87026834487915,-0.5586102787405253,-0.017674299362988678,16.077847641706466
1060,21.345999999999993,594,41.2,630784,308,3070,0.1541015625,0.7313942909240723,0.2,0.017440982,0.0003,4.885787487030029,-0.6431658238172531,-0.019631052359181923,13.875653007626534
1063,23.192999999999998,594,38.25,632832,309,3080,0.159228515625,0.8204108476638794,0.2,0.016976848,0.0003,1.5878088474273682,-0.6558329407125711,-0.019206559377198573,11.41438331156969
1067,23.052999999999997,594,38.27,634880,310,3090,0.0994140625,0.776814877986908,0.2,0.009857116,0.0003,9.539628982543945,-0.613468661531806,-0.016386985161807387,27.931407369673252
1070,20.864999999999995,595,42.11,636928,311,3100,0.149365234375,0.8660092353820801,0.2,0.017204288,0.0003,1.5074135065078735,-0.5947129433974624,-0.023029449870227835,9.677812749147416
1073,18.228999999999996,595,46.74,638976,312,3110,0.142822265625,0.8749995827674866,0.2,0.016320985,0.0003,21.8017635345459,-0.755929297581315,-0.017098954271932598,30.94269980639219
1076,18.026,595,47.34,641024,313,3120,0.164404296875,0.8610382080078125,0.2,0.016369311,0.0003,15.282785415649414,-0.7579693922773003,-0.017151980759808793,22.873157151043415
1080,19.852,595,44.53,643072,314,3130,0.158935546875,0.8850905299186707,0.2,0.017468087,0.0003,3.8679232597351074,-0.6867184285074472,-0.020591093902476133,22.64588413387537
1083,19.200000000000003,595,45.89,645120,315,3140,0.17080078125,0.7868068218231201,0.2,0.016166236,0.0003,6.960219860076904,-0.7298315566033124,-0.021787518085329794,17.892709268629552
1086,19.669,595,44.8,647168,316,3150,0.153125,0.7264567613601685,0.2,0.013165615,0.0003,9.032431602478027,-0.7103083230555057,-0.023169048890122213,26.100526034832
1090,19.467000000000002,595,45.61,649216,317,3160,0.133642578125,0.7017092704772949,0.2,0.012633399,0.0003,8.096721649169922,-0.7294825429096818,-0.015286440108320675,22.906099063158035
1093,14.688999999999997,595,54.43,651264,318,3170,0.12880859375,0.779261589050293,0.2,0.010737534,0.0003,9.328015327453613,-0.6748615520074963,-0.016307014256017282,24.720412057638168
1096,12.687000000000005,595,58.45,653312,319,3180,0.180322265625,0.818138062953949,0.2,0.020227257,0.0003,6.027829170227051,-0.8685959275811911,-0.02122149498172803,21.2891115963459
1099,15.113000000000001,595,53.86,655360,320,3190,0.150341796875,0.7560144662857056,0.2,0.012942715,0.0003,7.864701747894287,-0.841398548334837,-0.020932222076226026,40.05308164954185
1103,19.443,595,45.16,657408,321,3200,0.15556640625,0.6676177382469177,0.2,0.017117796,0.0003,14.194544792175293,-0.6774053217843174,-0.023277581267757343,31.19948106110096
1106,20.664,596,42.2,659456,322,3210,0.14599609375,0.7900248765945435,0.2,0.014992074,0.0003,6.128360271453857,-0.674888358451426,-0.021762916661100463,23.829543931782247
1109,19.101000000000003,596,44.19,661504,323,3220,0.161669921875,0.8320554494857788,0.2,0.016580544,0.0003,6.360317707061768,-0.6665837164968252,-0.01464867157410481,19.664654494822024
1112,21.864999999999995,596,39.43,663552,324,3230,0.158642578125,0.8068333864212036,0.2,0.016314242,0.0003,9.05814266204834,-0.6736429398879409,-0.016471891486435197,20.24704549461603
1115,23.392,596,37.26,665600,325,3240,0.133447265625,0.8311783075332642,0.2,0.013422642,0.0003,14.771978378295898,-0.6315731609240174,-0.017680948867928238,27.19854254871607
1119,22.834,596,38.12,667648,326,3250,0.15791015625,0.6777772307395935,0.2,0.022627912,0.0003,4.86073112487793,-0.5962614878080785,-0.02376312417909503,14.233256894350053
1122,23.771999999999995,596,36.79,669696,327,3260,0.1595703125,0.745436429977417,0.2,0.020227471,0.0003,3.009941577911377,-0.608704521600157,-0.01923353800084442,11.476233495771885
1125,19.276,596,44.04,671744,328,3270,0.1546875,0.7848349213600159,0.2,0.020780362,0.0003,2.9316458702087402,-0.5926013495773077,-0.018535400506516454,12.26223678216338
1129,18.764,596,44.65,673792,329,3280,0.221240234375,0.8323485851287842,0.2,0.02472728,0.0003,3.507718324661255,-0.8354066133499145,-0.023445266707858535,13.134495245665311
1132,22.84700000000001,596,37.82,675840,330,3290,0.116015625,0.6755138635635376,0.2,0.015879452,0.0003,10.505874633789062,-0.5627044879831373,-0.012736274464259623,16.636182577908038
1135,20.886999999999997,596,41.6,677888,331,3300,0.160693359375,0.7831311225891113,0.2,0.01911246,0.0003,6.299929141998291,-0.5900103188119828,-0.017283795024559366,11.94442504644394
1138,17.636000000000003,597,47.77,679936,332,3310,0.162158203125,0.8053126335144043,0.2,0.018246176,0.0003,3.6780691146850586,-0.7120348263531924,-0.01983912578143645,15.140320920944214
1142,17.519,597,47.62,681984,333,3320,0.156982421875,0.8638462424278259,0.2,0.016756942,0.0003,3.416419744491577,-0.7356362674385309,-0.02133113403833704,17.722144317626952
1145,15.175999999999998,597,51.22,684032,334,3330,0.156982421875,0.8349056839942932,0.2,0.019877916,0.0003,4.693354606628418,-0.7192233154550195,-0.017036549822660164,16.022188760340214
1148,17.548,597,46.56,686080,335,3340,0.169287109375,0.7962818741798401,0.2,0.013581689,0.0003,8.257028579711914,-0.7351694278419018,-0.024555678197066298,26.575306874513625
1151,22.958999999999996,597,38.14,688128,336,3350,0.10859375,0.8459675908088684,0.2,0.011030529,0.0003,8.409941673278809,-0.655920605827123,-0.01703466051403666,26.800453373789786
1155,22.592,597,38.68,690176,337,3360,0.159912109375,0.6797743439674377,0.2,0.0197795,0.0003,2.87330961227417,-0.5639440907165408,-0.014859084735508076,10.613439637422562
1158,21.001000000000005,597,41.26,692224,338,3370,0.1291015625,0.7849603891372681,0.2,0.01781185,0.0003,7.696578502655029,-0.5681297427974641,-0.014577569995890372,13.040635658055544
1161,20.912,597,41.85,694272,339,3380,0.158203125,0.8410687446594238,0.2,0.014072835,0.0003,9.304679870605469,-0.6905517932027578,-0.018445070114103145,18.90587538033724
1165,20.206999999999997,597,43.41,696320,340,3390,0.138427734375,0.8394096493721008,0.2,0.015646497,0.0003,4.990508556365967,-0.6317147752270103,-0.01782875444041565,16.848107579350472
1168,19.822,597,43.2,698368,341,3400,0.127392578125,0.8498098850250244,0.2,0.018315557,0.0003,6.364778518676758,-0.7705027084797621,-0.016803274178528227,25.28572723865509
1171,19.589,597,43.21,700416,342,3410,0.131005859375,0.560287594795227,0.2,0.01445603,0.0003,13.925276756286621,-0.6076882346533239,-0.024317363869340625,26.6135212123394
1175,19.104,597,44.63,702464,343,3420,0.163720703125,0.8061019778251648,0.2,0.015897838,0.0003,3.3392345905303955,-0.7014780458062887,-0.01484770945389755,17.219585680961607
1178,19.634999999999998,597,43.75,704512,344,3430,0.143798828125,0.7836129069328308,0.2,0.016236614,0.0003,4.30997896194458,-0.6733172988519073,-0.020039833727787483,17.427471931278706
1181,20.712,597,42.54,706560,345,3440,0.148681640625,0.765537440776825,0.2,0.018071834,0.0003,6.913449287414551,-0.6303087521344424,-0.022503988427342848,23.354624423384667
1184,19.108,598,45.43,708608,346,3450,0.1638671875,0.836470901966095,0.2,0.019926209,0.0003,8.375102996826172,-0.703100067190826,-0.023895993191399612,19.179403023421763
1188,16.695,598,49.67,710656,347,3460,0.1248046875,0.7804528474807739,0.2,0.013026807,0.0003,16.225284576416016,-0.7432889843359589,-0.01569694130157586,28.73540226817131
1191,17.939,598,46.88,712704,348,3470,0.156982421875,0.8693370819091797,0.2,0.017087722,0.0003,9.559989929199219,-0.7929650196805597,-0.016677290642110165,27.786686623096465
1194,19.801,598,43.24,714752,349,3480,0.161572265625,0.7093689441680908,0.2,0.016600853,0.0003,6.212043762207031,-0.6709304371848702,-0.02586580517963739,28.10796658694744
1197,21.688999999999997,598,40.43,716800,350,3490,0.149169921875,0.8617320656776428,0.2,0.017113952,0.0003,7.631572246551514,-0.6109085274860263,-0.020357115802471525,23.392789117991924
1201,21.459,598,40.67,718848,351,3500,0.158935546875,0.7611486315727234,0.2,0.017166719,0.0003,6.778696537017822,-0.6389325657859445,-0.020526220188185108,18.154925997555257
1204,23.354,598,37.25,720896,352,3510,0.172412109375,0.8634339570999146,0.2,0.020376388,0.0003,3.6624181270599365,-0.6279533755965531,-0.023939678426540923,16.62840756177902
1207,21.79,598,40.78,722944,353,3520,0.131494140625,0.6803652048110962,0.2,0.01216637,0.0003,5.1363091468811035,-0.5609218680299819,-0.014858921500854194,11.84611040353775
1211,17.017000000000003,598,49.69,724992,354,3530,0.14189453125,0.8547618389129639,0.2,0.019637581,0.0003,4.41838264465332,-0.7138509226962924,-0.017493647582887205,21.721768787503244
1214,16.948,598,50.15,727040,355,3540,0.179541015625,0.8610059022903442,0.2,0.015944427,0.0003,6.052369594573975,-0.7566416848450899,-0.021133293588354717,18.80941854864359
1217,20.675,598,42.91,729088,356,3550,0.1701171875,0.7931380271911621,0.2,0.017455822,0.0003,5.286571502685547,-0.6922202784568071,-0.018111572312773206,18.00145517140627
1220,19.918999999999997,598,43.66,731136,357,3560,0.153271484375,0.7714430689811707,0.2,0.01567975,0.0003,3.7177317142486572,-0.5906485597603023,-0.020767039783822838,16.25798145979643
1223,19.624,599,43.71,733184,358,3570,0.131591796875,0.8456723690032959,0.2,0.012184545,0.0003,18.8075008392334,-0.8145411975681782,-0.012925003343843855,38.53844926953316
1227,19.974,599,42.46,735232,359,3580,0.1328125,0.6948698163032532,0.2,0.014282572,0.0003,9.15029239654541,-0.5790645910426975,-0.014733972531394102,17.358564300835134
1230,24.589000000000002,599,34.99,737280,360,3590,0.160107421875,0.8326857089996338,0.2,0.015771234,0.0003,17.543792724609375,-0.7055890770629049,-0.019391826576611492,20.715125976502897
1233,24.006999999999998,599,35.85,739328,361,3600,0.10166015625,0.876441240310669,0.2,0.0117475875,0.0003,12.91315746307373,-0.48567781429737805,-0.015360721398610621,19.171108931303024
1237,23.792,599,36.05,741376,362,3610,0.163134765625,0.7717569470405579,0.2,0.017702026,0.0003,3.019357919692993,-0.612792523484677,-0.019184465921716763,9.806729452311993
1240,20.26,599,42.07,743424,363,3620,0.117578125,0.8044561147689819,0.2,0.016405016,0.0003,3.7540056705474854,-0.47165302010253074,-0.01302433175878832,10.318607690185308
1243,18.806000000000004,599,44.36,745472,364,3630,0.1888671875,0.8550937175750732,0.2,0.019566882,0.0003,3.3720593452453613,-0.7540582321584225,-0.02058024732832564,24.33676401078701
1246,17.053,599,46.95,747520,365,3640,0.14052734375,0.8594188094139099,0.2,0.016900973,0.0003,2.9074699878692627,-0.5683722562156618,-0.01959008356425329,19.43069371432066
1250,16.347,599,49.07,749568,366,3650,0.141259765625,0.8506796360015869,0.2,0.013019856,0.0003,2.536085605621338,-0.78421148955822,-0.01407537547929678,23.089025500416756
1253,19.322000000000003,599,44.89,751616,367,3660,0.15849609375,0.8952919244766235,0.2,0.016977968,0.0003,4.236565113067627,-0.7100716786459088,-0.021400624176021666,28.948706851899622
1256,22.648999999999997,599,39.12,753664,368,3670,0.09375,0.7820175886154175,0.2,0.014222966,0.0003,12.183623313903809,-0.5630639010109008,-0.013415396586060524,26.94836773723364
1259,22.611000000000004,599,39.09,755712,369,3680,0.13330078125,0.8644833564758301,0.2,0.017160809,0.0003,11.055312156677246,-0.5952473677694797,-0.016785196406999603,28.684645894169808
1263,23.443000000000005,599,37.14,757760,370,3690,0.1361328125,0.792015552520752,0.2,0.013286018,0.0003,6.488034248352051,-0.5804843055084348,-0.018392190699523782,21.07624565064907
1266,21.244,600,40.45,759808,371,3700,0.134521484375,0.800499439239502,0.2,0.016349383,0.0003,8.335124969482422,-0.570995335187763,-0.018248374362883624,18.24178027510643
1270,20.82,599,41.14,761856,372,3710,0.153662109375,0.8143967986106873,0.2,0.015022182,0.0003,6.820553302764893,-0.6843368720263243,-0.016362400489742867,19.656991283595563
1274,21.81,599,40.03,763904,373,3720,0.149560546875,0.7755909562110901,0.2,0.017251011,0.0003,5.6224260330200195,-0.5955622149631381,-0.013037952032755129,12.711898286640643
1277,21.78,599,39.9,765952,374,3730,0.165283203125,0.8714979887008667,0.2,0.0196956,0.0003,4.5977959632873535,-0.6024556644260883,-0.020814411493483932,19.22972001582384
1281,20.565,599,42.21,768000,375,3740,0.13203125,0.8133358955383301,0.2,0.015613515,0.0003,3.224276542663574,-0.5715262968093157,-0.016691064568294677,12.335897667706012
1284,19.268,599,44.21,770048,376,3750,0.1423828125,0.827623188495636,0.2,0.012276847,0.0003,4.712127208709717,-0.7073143675923348,-0.017273101193131878,20.7275752723217
1289,18.258,598,46.33,772096,377,3760,0.165625,0.7342792749404907,0.2,0.019535698,0.0003,3.7096266746520996,-0.5950205298140645,-0.022936686465982348,14.682467406988144
1293,20.363000000000003,598,42.99,774144,378,3770,0.12216796875,0.8786962032318115,0.2,0.011777978,0.0003,8.173453330993652,-0.7729757057502866,-0.015919810674677137,27.432918518781662
1297,20.133000000000003,598,43.24,776192,379,3780,0.12802734375,0.7948219776153564,0.2,0.013461594,0.0003,7.316463947296143,-0.5409382522106171,-0.018359599908581003,19.23617490977049
1301,19.947,598,43.84,778240,380,3790,0.126171875,0.8150655627250671,0.2,0.012568303,0.0003,10.289084434509277,-0.748073730431497,-0.019735361277707853,27.129430839419364
1304,24.445000000000004,598,35.56,780288,381,3800,0.12158203125,0.8250937461853027,0.2,0.011391001,0.0003,5.692992210388184,-0.5742366873659194,-0.017413388156273867,26.63291920721531
1308,22.365,598,39.86,782336,382,3810,0.110205078125,0.844160258769989,0.2,0.012873044,0.0003,6.044781684875488,-0.5172723279334605,-0.013583151226339397,18.253259158134462
1311,21.234,598,41.84,784384,383,3820,0.1853515625,0.8334081768989563,0.2,0.017500302,0.0003,6.569750785827637,-0.7665617041289806,-0.022753159955027514,20.8035128980875
1314,25.294,598,33.88,786432,384,3830,0.131591796875,0.7559188008308411,0.2,0.012939844,0.0003,4.64610481262207,-0.558199526462704,-0.018991551990620793,15.08104086816311
1318,24.982,598,34.53,788480,385,3840,0.149560546875,0.7989020347595215,0.2,0.018945068,0.0003,4.19667387008667,-0.5684166729450226,-0.019560707158234436,13.12203273177147
1321,23.993999999999996,598,36.44,790528,386,3850,0.15830078125,0.7097835540771484,0.2,0.017838791,0.0003,2.6128592491149902,-0.551145879086107,-0.023379859136184677,10.023785146325826
1324,20.930999999999994,598,42.16,792576,387,3860,0.153125,0.7990902066230774,0.2,0.014913291,0.0003,3.2787227630615234,-0.5780304848216474,-0.017606910678296117,7.764576844125986
1328,21.142,598,41.99,794624,388,3870,0.16181640625,0.8173500895500183,0.2,0.015259262,0.0003,9.661887168884277,-0.7581113714724779,-0.02202637596637942,20.664282523095608
1331,23.442999999999994,598,37.82,796672,389,3880,0.114599609375,0.8575676679611206,0.2,0.014718486,0.0003,3.9012365341186523,-0.5442066019400954,-0.021447964388062245,17.892599961161615
1334,22.68,598,39.44,798720,390,3890,0.145458984375,0.7694043517112732,0.2,0.01534009,0.0003,4.638923645019531,-0.5962542069144547,-0.019746005581691862,16.0056151419878
1338,22.517,598,39.74,800768,391,3900,0.14248046875,0.6575380563735962,0.2,0.017010963,0.0003,2.258247137069702,-0.6102123335003853,-0.01839655620569829,13.082346040010453
1341,22.932000000000002,598,38.63,802816,392,3910,0.143896484375,0.82501220703125,0.2,0.015769811,0.0003,2.0350794792175293,-0.6005246586166322,-0.015306001540739089,9.573420624434949
1344,18.526000000000003,598,45.98,804864,393,3920,0.160205078125,0.8781296610832214,0.2,0.021680672,0.0003,1.6804633140563965,-0.6353479523211718,-0.026097759885306004,14.474475648999213
1348,19.106,598,44.23,806912,394,3930,0.15751953125,0.8482308387756348,0.2,0.019339798,0.0003,18.10521125793457,-0.7907130008563399,-0.01805766978941392,28.462507673352956
1351,21.643999999999995,598,40.2,808960,395,3940,0.1232421875,0.849120020866394,0.2,0.01431212,0.0003,5.31564998626709,-0.6314962607808411,-0.01196100241941167,24.72311513721943
1354,20.337999999999997,598,42.79,811008,396,3950,0.139501953125,0.8007516860961914,0.2,0.020488858,0.0003,2.0767343044281006,-0.6216556321829557,-0.015699165272235405,10.385656571388244
1358,17.662,598,47.85,813056,397,3960,0.146044921875,0.8802022933959961,0.2,0.0144619495,0.0003,11.937615394592285,-0.7266594897955656,-0.017768958942906466,25.581820011138916
1361,21.268,598,41.41,815104,398,3970,0.15869140625,0.8361049890518188,0.2,0.01929301,0.0003,4.632500171661377,-0.7372901266440749,-0.01987758411851246,20.29195380359888
1364,23.473000000000003,598,36.88,817152,399,3980,0.118017578125,0.7780923843383789,0.2,0.010343621,0.0003,4.965444564819336,-0.5446074862964452,-0.018156208765867633,18.682818813622
1367,22.349,598,39.0,819200,400,3990,0.143408203125,0.7918018698692322,0.2,0.012543684,0.0003,6.366621017456055,-0.62023487938568,-0.017727037621079945,20.215361516177655
1371,22.223000000000003,598,39.07,821248,401,4000,0.12119140625,0.8887367248535156,0.2,0.015780307,0.0003,4.78726053237915,-0.5474712883122266,-0.020045157746062615,24.7272234454751
1374,21.125999999999994,598,40.82,823296,402,4010,0.14111328125,0.6650495529174805,0.2,0.014663983,0.0003,4.995981693267822,-0.6361904958263039,-0.01401445884257555,15.541134901344776
1377,21.022,598,41.6,825344,403,4020,0.133837890625,0.8906338810920715,0.2,0.0124195935,0.0003,25.85348129272461,-0.6138164008967578,-0.018742622747959105,26.06700718700886
1381,21.542999999999996,598,39.88,827392,404,4030,0.136474609375,0.8839969635009766,0.2,0.013017546,0.0003,6.311905384063721,-0.6627785379067064,-0.018988264915242324,32.37288934290409
1384,21.596999999999998,599,39.92,829440,405,4040,0.124365234375,0.5101417303085327,0.2,0.014026841,0.0003,4.32068395614624,-0.5625228871591389,-0.01467317608767189,13.261470760405064
1387,20.734000000000005,599,42.73,831488,406,4050,0.158642578125,0.7129508256912231,0.2,0.01921123,0.0003,2.4719865322113037,-0.6095814718864858,-0.016629369550355478,11.056322572380305
1391,21.010999999999996,599,41.58,833536,407,4060,0.152978515625,0.8005869388580322,0.2,0.01914871,0.0003,8.238353729248047,-0.6626453898847103,-0.019288794227759355,13.962886913120746
1394,18.934,599,44.27,835584,408,4070,0.1298828125,0.7815006375312805,0.2,0.011845244,0.0003,6.41701078414917,-0.6513016159646213,-0.016555130427877884,19.906919763982295
1397,18.405,599,44.08,837632,409,4080,0.15,0.6924644112586975,0.2,0.015419301,0.0003,6.099527359008789,-0.6667026257142424,-0.010131242241186555,10.799938339740038
1401,18.393,599,44.7,839680,410,4090,0.1228515625,0.8659965991973877,0.2,0.016473295,0.0003,19.759550094604492,-0.6297576854936778,-0.009770925757766235,17.327733010798692
1405,18.033,598,46.31,841728,411,4100,0.144189453125,0.8609957695007324,0.2,0.0175343,0.0003,4.794497966766357,-0.7080777006223797,-0.022667283310147467,23.166118636727333
1408,17.975,598,46.5,843776,412,4110,0.154296875,0.8425644040107727,0.2,0.01690219,0.0003,3.4156219959259033,-0.6565308549441398,-0.015722195008129346,15.573527508974076
1411,20.619999999999994,599,41.64,845824,413,4120,0.146435546875,0.8442605137825012,0.2,0.014581931,0.0003,4.527853012084961,-0.6092250442132354,-0.018033823736186606,20.343738210201263
1415,19.963,599,43.29,847872,414,4130,0.123974609375,0.8248773813247681,0.2,0.012639126,0.0003,12.692968368530273,-0.6380877526476979,-0.017158445957466028,29.61160575449467
1418,24.760999999999996,599,34.87,849920,415,4140,0.165087890625,0.76378333568573,0.2,0.01590063,0.0003,3.3207321166992188,-0.6705324430018663,-0.021455315075581894,18.0957922488451
1421,23.787,599,35.86,851968,416,4150,0.080908203125,0.8294034004211426,0.2,0.008889182,0.0003,5.187287330627441,-0.42559879347682,-0.014926623180508613,26.161297057569026
1424,19.58,599,42.77,854016,417,4160,0.165673828125,0.8720049858093262,0.2,0.02035599,0.0003,3.9709293842315674,-0.6293376171961427,-0.020387962338281794,19.067200562357904
1428,20.305999999999997,599,41.49,856064,418,4170,0.142041015625,0.8398564457893372,0.2,0.01608945,0.0003,7.59215784072876,-0.6187527329660952,-0.014131236358662137,23.277842669188978
1431,22.934,599,37.33,858112,419,4180,0.139501953125,0.8199860453605652,0.2,0.01668229,0.0003,12.953744888305664,-0.6417396226897836,-0.01568102516903309,27.70284534394741
1434,20.117000000000004,599,41.78,860160,420,4190,0.131982421875,0.7830859422683716,0.2,0.016129727,0.0003,3.5705201625823975,-0.49530688896775243,-0.019093999936740148,13.582051159441471
1438,18.295,599,45.57,862208,421,4200,0.15595703125,0.807341456413269,0.2,0.013483593,0.0003,5.151403427124023,-0.7519538536667824,-0.016285267545026728,18.585118988901378
1441,14.821,599,51.02,864256,422,4210,0.12021484375,0.8076158761978149,0.2,0.013628336,0.0003,11.81168270111084,-0.6588708107359708,-0.015927518274111208,30.55408215522766
1444,17.488000000000003,599,46.92,866304,423,4220,0.151416015625,0.8510345816612244,0.2,0.014322501,0.0003,9.548784255981445,-0.8086281180381775,-0.01693790512144915,32.03831510543823
1448,25.072999999999997,599,33.92,868352,424,4230,0.168505859375,0.7464543581008911,0.2,0.01925716,0.0003,3.945922374725342,-0.5977953888475895,-0.022645118660875596,16.3385339230299
1451,21.081,599,40.63,870400,425,4240,0.117822265625,0.6451160311698914,0.2,0.012767478,0.0003,5.100198745727539,-0.45941382152959703,-0.012435385493154172,15.31917620152235
1454,17.278,599,47.66,872448,426,4250,0.180078125,0.805993378162384,0.2,0.023257509,0.0003,5.861063003540039,-0.7563819797709584,-0.021549089683685452,17.854022769629957
1458,18.025,599,45.83,874496,427,4260,0.165380859375,0.8364355564117432,0.2,0.015490735,0.0003,6.519569396972656,-0.8091553596779704,-0.01798460744903423,29.37891250550747
1461,22.313000000000002,599,38.12,876544,428,4270,0.132080078125,0.7010994553565979,0.2,0.015991107,0.0003,4.597309589385986,-0.5678145787678659,-0.01716300320767914,19.427971291542054
1465,22.281,599,39.33,878592,429,4280,0.1408203125,0.8080426454544067,0.2,0.017270409,0.0003,5.241243839263916,-0.6350966821424663,-0.018435442753252575,23.165204945206643
1468,20.377999999999997,599,42.87,880640,430,4290,0.14462890625,0.7718687057495117,0.2,0.014637362,0.0003,9.361154556274414,-0.561975725274533,-0.021944393010926433,21.365851433575152
1471,19.366,599,44.87,882688,431,4300,0.1740234375,0.7981290817260742,0.2,0.025141548,0.0003,9.599501609802246,-0.6712029933929443,-0.024176357517717406,24.457106420397757
1474,19.170999999999996,599,45.07,884736,432,4310,0.14814453125,0.7432215213775635,0.2,0.015463936,0.0003,5.821602821350098,-0.6071211211383343,-0.021708999542170204,24.327673548460005
1478,19.325,599,44.48,886784,433,4320,0.1943359375,0.8537929654121399,0.2,0.0230024,0.0003,10.735675811767578,-0.7462519973516464,-0.01978982465880108,18.702665996551513
1481,21.226999999999997,599,39.93,888832,434,4330,0.14296875,0.7686774134635925,0.2,0.015889619,0.0003,3.9018149375915527,-0.5905517970211804,-0.008666883208206855,18.871528600156307
1484,19.518,600,42.93,890880,435,4340,0.158642578125,0.7131145000457764,0.2,0.01610995,0.0003,2.976637363433838,-0.6153187061659992,-0.012558916540001519,12.132733473926782
1488,22.017999999999997,600,39.37,892928,436,4350,0.15107421875,0.8401901721954346,0.2,0.018582815,0.0003,5.875321865081787,-0.7039785282686353,-0.017757930168590973,16.804980494081974
1491,25.119,600,33.91,894976,437,4360,0.11259765625,0.7607801556587219,0.2,0.012568533,0.0003,9.948909759521484,-0.4926274483092129,-0.01677394471844309,22.229346019029617
1494,21.194999999999997,600,41.15,897024,438,4370,0.125537109375,0.8331174850463867,0.2,0.0131182745,0.0003,8.866229057312012,-0.5169804894365371,-0.018323466055153403,17.18239630237222
1497,23.336000000000002,600,37.31,899072,439,4380,0.155712890625,0.7566854953765869,0.2,0.018455314,0.0003,5.743762493133545,-0.7106685323640705,-0.017450080238631926,20.643989795446394
1501,25.026,600,34.08,901120,440,4390,0.136474609375,0.7358547449111938,0.2,0.018259877,0.0003,3.6663172245025635,-0.48233296191319824,-0.021770095836836846,12.561754629015923
1504,21.958,600,39.41,903168,441,4400,0.149072265625,0.7944793105125427,0.2,0.01997846,0.0003,7.778761863708496,-0.6151889769360424,-0.02493088796181837,19.133965197205544
1508,22.639999999999997,600,37.98,905216,442,4410,0.160693359375,0.8117818832397461,0.2,0.017767131,0.0003,5.9712677001953125,-0.618134739715606,-0.01901842270308407,14.297810686379671
1511,23.411000000000005,600,36.9,907264,443,4420,0.137841796875,0.6194899082183838,0.2,0.016255267,0.0003,1.9238570928573608,-0.5718686733394861,-0.01710376727132825,12.208465645462274
1514,23.362,600,38.03,909312,444,4430,0.139892578125,0.7314927577972412,0.2,0.01665685,0.0003,4.367329120635986,-0.5355378966778517,-0.02013225047267042,10.99986206740141
1517,23.428999999999995,600,37.61,911360,445,4440,0.16689453125,0.668628454208374,0.2,0.02272534,0.0003,4.143310546875,-0.5664448844268918,-0.022038991074077786,11.42407908588648
1521,19.512000000000004,600,44.52,913408,446,4450,0.1484375,0.8191114664077759,0.2,0.018327722,0.0003,2.182490587234497,-0.5850087327882647,-0.022265667223837226,10.951255276799202
1524,19.045,600,45.47,915456,447,4460,0.164208984375,0.8358142971992493,0.2,0.017136741,0.0003,6.127797603607178,-0.796266970038414,-0.01692955997714307,17.173848101496695
1527,17.588,600,48.45,917504,448,4470,0.144970703125,0.8426603078842163,0.2,0.016414708,0.0003,8.481834411621094,-0.6829350428655744,-0.024001654499443248,22.884604047238827
1531,20.715999999999998,600,42.75,919552,449,4480,0.153857421875,0.8138935565948486,0.2,0.012592198,0.0003,9.884953498840332,-0.7416630297899246,-0.02047970996136428,28.069135597348215
1534,23.412,600,37.79,921600,450,4490,0.116943359375,0.7678163051605225,0.2,0.011965466,0.0003,9.905582427978516,-0.5440287689678371,-0.019805586451548153,24.043387193977832
1537,23.944999999999997,600,36.38,923648,451,4500,0.122412109375,0.8511926531791687,0.2,0.012977889,0.0003,10.320064544677734,-0.6068528380244971,-0.01887458212295314,30.67355298101902
1540,21.749999999999996,600,40.61,925696,452,4510,0.150146484375,0.7002348899841309,0.2,0.014967934,0.0003,4.989650726318359,-0.600141069944948,-0.01869282396946801,17.892032109200954
1544,19.944,600,43.82,927744,453,4520,0.173388671875,0.7724875211715698,0.2,0.019450817,0.0003,4.023024559020996,-0.6176146842539311,-0.023112398662487977,15.894826248288155
1547,17.278,600,48.41,929792,454,4530,0.15380859375,0.8294312953948975,0.2,0.018388841,0.0003,5.3425397872924805,-0.6838224112987519,-0.023301166281453334,19.154185628890993
1550,14.863,600,52.77,931840,455,4540,0.152197265625,0.8256041407585144,0.2,0.01257596,0.0003,13.048847198486328,-0.7824278427287936,-0.02174754962179577,35.71185003519058
1554,20.79,600,42.47,933888,456,4550,0.12392578125,0.8591440916061401,0.2,0.012015556,0.0003,24.74180030822754,-0.7081195421516895,-0.018067718694510404,42.914065301418304
1557,21.087000000000003,600,41.96,935936,457,4560,0.157177734375,0.6935186386108398,0.2,0.018771268,0.0003,3.00142240524292,-0.6024645091965795,-0.023409089577035046,16.138526110351087
1560,18.8,600,46.22,937984,458,4570,0.128076171875,0.8516489863395691,0.2,0.01782494,0.0003,7.999364852905273,-0.6677132973447442,-0.015795572896604427,28.760367360711097
1564,20.99,600,42.1,940032,459,4580,0.163818359375,0.8429800868034363,0.2,0.017800227,0.0003,12.698967933654785,-0.7156349513679743,-0.022741417717770673,35.16571553349495
1567,21.522000000000002,600,40.64,942080,460,4590,0.14423828125,0.7647967338562012,0.2,0.016594276,0.0003,3.7774384021759033,-0.6000264988280832,-0.02455211912019877,18.89855192005634
1571,22.324000000000005,600,38.98,944128,461,4600,0.159619140625,0.8265905976295471,0.2,0.017847229,0.0003,5.429987907409668,-0.6647515434771776,-0.012401176914136159,16.73093862980604
1574,25.048999999999996,601,34.65,946176,462,4610,0.12744140625,0.8319488763809204,0.2,0.0155901145,0.0003,4.479224681854248,-0.5535543069243432,-0.019161279156105594,20.4040126144886
1577,21.624999999999996,601,40.95,948224,463,4620,0.148779296875,0.6661432981491089,0.2,0.017071223,0.0003,6.3761820793151855,-0.6299512068741023,-0.023117213652585632,19.74698844999075
1580,18.924999999999997,601,45.68,950272,464,4630,0.1419921875,0.8481315970420837,0.2,0.013526044,0.0003,8.304187774658203,-0.7066661102697254,-0.02161025560053531,27.022092285752297
1584,23.476,601,37.43,952320,465,4640,0.1443359375,0.8754990696907043,0.2,0.015896257,0.0003,4.421633243560791,-0.6956413118168712,-0.01961175308388192,22.740425541996956
1587,20.698,601,42.86,954368,466,4650,0.156005859375,0.6665515303611755,0.2,0.017801251,0.0003,9.348796844482422,-0.5468638728372752,-0.026089143897115717,17.515698087215423
1590,18.949,601,46.19,956416,467,4660,0.218603515625,0.8317922949790955,0.2,0.018263686,0.0003,16.883499145507812,-0.8506904380396009,-0.026268534985138103,34.264041158556935
1594,16.560000000000002,601,50.36,958464,468,4670,0.161328125,0.8141854405403137,0.2,0.015139378,0.0003,11.545770645141602,-0.6965780464932323,-0.021354218425403814,32.51198108494282
1597,15.899000000000001,601,51.08,960512,469,4680,0.180029296875,0.7665320038795471,0.2,0.019072346,0.0003,6.7201080322265625,-0.7932824712246657,-0.02096665202989243,25.954586844146252
1600,17.657,601,48.01,962560,470,4690,0.152392578125,0.8319083452224731,0.2,0.021934781,0.0003,20.41092872619629,-0.7352603947743773,-0.021787073797895573,32.30628766715527
1603,19.766000000000002,601,44.3,964608,471,4700,0.157861328125,0.8323578834533691,0.2,0.018403849,0.0003,16.347806930541992,-0.7696167135611176,-0.02397728018986527,43.67532215416431
1607,20.16,601,43.58,966656,472,4710,0.1775390625,0.8113607168197632,0.2,0.020305844,0.0003,9.05002498626709,-0.6395143836736679,-0.024751988165371587,20.213570012152196
1610,19.817,601,44.29,968704,473,4720,0.1775390625,0.8761343359947205,0.2,0.019377986,0.0003,9.700857162475586,-0.7830711482092738,-0.02285837364324834,31.871020010113718
1613,21.625000000000004,601,41.24,970752,474,4730,0.14541015625,0.8714995980262756,0.2,0.016594222,0.0003,17.923982620239258,-0.6580541903153062,-0.02140255432095728,33.45997919440269
1616,19.63,601,44.82,972800,475,4740,0.17216796875,0.823829710483551,0.2,0.020407647,0.0003,4.440252780914307,-0.6365478932857513,-0.018401002768223408,19.274055714905263
1620,17.555,601,48.28,974848,476,4750,0.148193359375,0.8074451088905334,0.2,0.020495534,0.0003,8.464202880859375,-0.6928567700088024,-0.02061553594103316,36.23009385466575
1623,16.649,601,49.06,976896,477,4760,0.202490234375,0.8765019178390503,0.2,0.020760998,0.0003,7.468613624572754,-0.8221354918554425,-0.020620622306887527,30.830180194973945
1626,18.406999999999996,601,45.93,978944,478,4770,0.155517578125,0.7743346095085144,0.2,0.017095432,0.0003,7.503554344177246,-0.7114507965743542,-0.015094318622141145,20.21260152310133
1630,21.294999999999995,601,41.25,980992,479,4780,0.13203125,0.8570743799209595,0.2,0.011288113,0.0003,12.016841888427734,-0.7304721957072615,-0.020053241118148435,42.66167598664761
1633,22.061000000000007,601,40.18,983040,480,4790,0.147119140625,0.8775016069412231,0.2,0.014891421,0.0003,14.117743492126465,-0.611271139793098,-0.018404967496462633,26.483111199736594
1637,22.217000000000002,601,39.92,985088,481,4800,0.16748046875,0.7683512568473816,0.2,0.018430542,0.0003,3.5794129371643066,-0.6577647163532674,-0.01701454578214907,16.979379023611546
1640,22.684,601,39.1,987136,482,4810,0.161669921875,0.645546019077301,0.2,0.020037193,0.0003,9.27745532989502,-0.5998820720240474,-0.020581412108731455,15.806083256751299
1643,18.413,601,46.58,989184,483,4820,0.166650390625,0.7416635751724243,0.2,0.02127193,0.0003,5.514202117919922,-0.6832124046981335,-0.025104890298098325,14.549455514550209
1647,16.012999999999998,601,51.25,991232,484,4830,0.1671875,0.7822589874267578,0.2,0.018022053,0.0003,4.508124351501465,-0.764690725132823,-0.022159428776649292,16.34388972967863
1650,21.043999999999997,601,41.36,993280,485,4840,0.171728515625,0.8202436566352844,0.2,0.01855538,0.0003,3.005038261413574,-0.6708755699917675,-0.024855750778806397,16.95125080496073
1654,20.883999999999997,601,41.34,995328,486,4850,0.152734375,0.7754330635070801,0.2,0.01575169,0.0003,3.3617031574249268,-0.6320545117370784,-0.01942524857877288,16.180329832434655
1657,20.139999999999997,601,43.3,997376,487,4860,0.142919921875,0.8019114136695862,0.2,0.015450442,0.0003,5.007025718688965,-0.6997491181828082,-0.01610896753554698,20.614344970881938
1660,19.748,601,44.23,999424,488,4870,0.17666015625,0.8170852661132812,0.2,0.01718418,0.0003,2.253735303878784,-0.6666199147701264,-0.017747850775776897,12.291955071687699
1664,20.18,601,42.56,1001472,489,4880,0.142919921875,0.8825991749763489,0.2,0.015635831,0.0003,11.213064193725586,-0.6764040997251868,-0.017734009562991558,25.04953809082508
