time/fps,rollout/ep_rew_mean,rollout/ep_len_mean,time/total_timesteps,time/iterations,time/time_elapsed,train/entropy_loss,train/approx_kl,train/policy_gradient_loss,train/n_updates,train/value_loss,train/loss,train/learning_rate,train/explained_variance,train/clip_fraction,train/clip_range
837,-60.83636363636364,186.0,2048,1,2,,,,,,,,,,
656,-56.98181818181819,180.36363636363637,4096,2,6,-1.3793410286307335,0.010210488,-0.009781007772835438,10,7.264099033176899,2.2713260650634766,0.0003,-0.013983607292175293,0.0875,0.2
615,-58.31212121212122,182.33333333333334,6144,3,9,-1.3748880364000797,0.01044187,-0.009630437937448732,20,17.086211328208446,9.823673248291016,0.0003,0.08441370725631714,0.09755859375,0.2
587,-58.68181818181818,182.1818181818182,8192,4,13,-1.3675420548766852,0.008594259,-0.008784019757877104,30,18.439833794534206,9.6621675491333,0.0003,0.19142723083496094,0.080810546875,0.2
539,-56.761403508771934,178.43859649122808,10240,5,18,-1.360226009786129,0.009065786,-0.00784859733103076,40,25.09403902888298,3.003304958343506,0.0003,0.2196979522705078,0.101904296875,0.2
530,-54.06857142857143,174.8,12288,6,23,-1.3439084772020577,0.009301111,-0.012029706226894633,50,56.450685647130015,36.53622817993164,0.0003,0.11174577474594116,0.1099609375,0.2
517,-52.84578313253011,172.0722891566265,14336,7,27,-1.3371755134314298,0.009357132,-0.009739538117719349,60,88.54041486978531,49.53600311279297,0.0003,0.02573317289352417,0.09130859375,0.2
514,-52.02736842105263,171.14736842105262,16384,8,31,-1.3348462786525488,0.008452023,-0.008911694017297123,70,78.68143332600593,36.25288009643555,0.0003,0.05567944049835205,0.09375,0.2
512,-51.18000000000001,169.25,18432,9,35,-1.3270054265856743,0.012600521,-0.007497298515954753,80,89.56301644444466,53.202152252197266,0.0003,-0.0390782356262207,0.129296875,0.2
511,-50.831,168.93,20480,10,40,-1.3270059693604708,0.011206674,-0.013169771777756977,90,88.89630851745605,40.39968490600586,0.0003,-0.004437446594238281,0.12431640625,0.2
505,-46.145999999999994,161.04,22528,11,44,-1.331852500885725,0.0106668845,-0.009733280912041665,100,67.63957722485065,34.965476989746094,0.0003,0.08622419834136963,0.12998046875,0.2
504,-43.977,157.41,24576,12,48,-1.3141309138387443,0.0071216477,-0.010161391345900484,110,186.41252462863923,56.028560638427734,0.0003,-0.05643010139465332,0.0818359375,0.2
502,-44.019,156.76,26624,13,52,-1.315679946541786,0.010186087,-0.01143666097195819,120,120.15336685180664,35.04654312133789,0.0003,-0.009858489036560059,0.144287109375,0.2
492,-45.906000000000006,158.85,28672,14,58,-1.3019114688038826,0.010348193,-0.0073336945613846185,130,98.10181512236595,35.60397720336914,0.0003,-0.10413360595703125,0.083984375,0.2
488,-46.167,159.85,30720,15,62,-1.3042856890708208,0.011451103,-0.00790086613415042,140,67.1729287803173,42.646968841552734,0.0003,-0.029242634773254395,0.16669921875,0.2
465,-45.048,157.51,32768,16,70,-1.2931111630052328,0.008551788,-0.007682889736315701,150,124.98958827257157,48.839271545410156,0.0003,0.06114792823791504,0.08671875,0.2
466,-44.36,155.76,34816,17,74,-1.2599202360957862,0.010899831,-0.01075006006649346,160,157.26457454562188,41.166839599609375,0.0003,0.017818033695220947,0.112255859375,0.2
464,-41.961000000000006,151.87,36864,18,79,-1.2456719517707824,0.0112586375,-0.009984941321454244,170,159.51183086633682,79.09425354003906,0.0003,0.06611615419387817,0.0884765625,0.2
443,-41.625,151.88,38912,19,87,-1.254461770132184,0.01445179,-0.012295000989979599,180,175.11130967140198,127.22905731201172,0.0003,-0.12211239337921143,0.1076171875,0.2
448,-39.373,148.34,40960,20,91,-1.2526914898306132,0.01053202,-0.011564358138275565,190,149.0065612077713,44.92045211791992,0.0003,0.009199380874633789,0.113134765625,0.2
452,-39.704,149.15,43008,21,95,-1.2341756340116263,0.011135812,-0.0111176757098292,200,136.8808475255966,97.06395721435547,0.0003,0.05702465772628784,0.143505859375,0.2
446,-38.20300000000001,146.76,45056,22,100,-1.2465663481503726,0.01681501,-0.007248315720062237,210,90.93267228007316,51.19497299194336,0.0003,-0.2729560136795044,0.197021484375,0.2
434,-37.417,145.28,47104,23,108,-1.2490569271147252,0.010676781,-0.006075311417225749,220,119.41637434959412,34.82772445678711,0.0003,-0.00788271427154541,0.125,0.2
435,-36.524999999999984,143.72,49152,24,112,-1.2201184127479792,0.0103433505,-0.012435203397762962,230,135.67068428993224,44.4292106628418,0.0003,0.013174712657928467,0.126904296875,0.2
440,-37.099,143.91,51200,25,116,-1.212960870936513,0.0106152855,-0.008357795888150577,240,123.3343855023384,62.06527328491211,0.0003,0.09124964475631714,0.112841796875,0.2
442,-36.437000000000005,141.71,53248,26,120,-1.2190274473279714,0.010360381,-0.009880881212302484,250,151.54151818752288,91.15672302246094,0.0003,0.007934153079986572,0.11904296875,0.2
445,-36.777,141.75,55296,27,124,-1.2069502167403698,0.009545206,-0.012538265871990006,260,118.0801798939705,46.986515045166016,0.0003,0.07045584917068481,0.132275390625,0.2
448,-34.271,138.15,57344,28,127,-1.2098356280475855,0.013882673,-0.013032614607800497,270,114.64013339281082,46.18738555908203,0.0003,-0.1211860179901123,0.1423828125,0.2
451,-33.632999999999996,135.57,59392,29,131,-1.2220017671585084,0.013508141,-0.012082568647747394,280,115.81149554252625,49.13794708251953,0.0003,-0.0420687198638916,0.14990234375,0.2
453,-28.22,126.36,61440,30,135,-1.1688347056508064,0.011074712,-0.007431662737508305,290,108.59000599384308,44.80047607421875,0.0003,0.08418506383895874,0.111083984375,0.2
455,-28.626000000000005,126.04,63488,31,139,-1.1595219686627387,0.0076978905,-0.008249207501648925,300,117.1954651594162,62.831111907958984,0.0003,0.06470733880996704,0.091748046875,0.2
458,-26.817000000000004,123.71,65536,32,143,-1.200248908624053,0.014871769,-0.013183611028944142,310,103.84379729032517,28.957773208618164,0.0003,0.0917590856552124,0.148681640625,0.2
460,-27.016,124.57,67584,33,146,-1.1720492038875818,0.012865523,-0.008697145200858358,320,95.35370494127274,39.666648864746094,0.0003,0.08239889144897461,0.115966796875,0.2
462,-29.766000000000005,128.39,69632,34,150,-1.2332046400755643,0.009951174,-0.007065810314088594,330,63.03408166766167,28.941753387451172,0.0003,0.14511454105377197,0.16171875,0.2
463,-28.191999999999997,126.24,71680,35,154,-1.2203069180250168,0.015123555,-0.008921461831778287,340,63.3295012652874,38.9872932434082,0.0003,0.12376320362091064,0.187255859375,0.2
463,-33.204,133.43,73728,36,159,-1.2288896199315786,0.012327748,-0.011255369456193876,350,75.75336995124817,40.06159973144531,0.0003,0.05521667003631592,0.153173828125,0.2
464,-32.397,132.62,75776,37,163,-1.2005188152194024,0.013328459,-0.009409779312409227,360,57.516990998387335,23.303743362426758,0.0003,0.10340702533721924,0.1548828125,0.2
465,-33.953,135.0,77824,38,167,-1.1829235836863519,0.0128281005,-0.00921917944942834,370,101.9398960351944,28.42022132873535,0.0003,0.09914326667785645,0.128369140625,0.2
467,-35.405,137.31,79872,39,170,-1.2041273269802333,0.012098752,-0.0101272262603743,380,98.88660328388214,40.73881912231445,0.0003,0.04807025194168091,0.1376953125,0.2
469,-35.332,137.21,81920,40,174,-1.2062777779996394,0.012278875,-0.009989430665154942,390,97.13847880363464,42.45218276977539,0.0003,0.09950876235961914,0.126611328125,0.2
470,-34.30200000000001,135.28,83968,41,178,-1.2007447175681591,0.013088535,-0.010530259768711404,400,77.08224678039551,28.222503662109375,0.0003,0.14297038316726685,0.158642578125,0.2
471,-35.568000000000005,137.35,86016,42,182,-1.2079643916338683,0.011384331,-0.004223691292281728,410,70.99760648012162,45.81843948364258,0.0003,-0.012006878852844238,0.159033203125,0.2
472,-35.614,138.36,88064,43,186,-1.2550177097320556,0.014786409,-0.0076429338965681385,420,55.70372367799282,37.6363639831543,0.0003,-0.07032203674316406,0.1982421875,0.2
473,-36.304,139.72,90112,44,190,-1.2322953388094902,0.009593661,-0.0075933242027531375,430,93.76015865802765,31.227890014648438,0.0003,-0.004987359046936035,0.101513671875,0.2
475,-35.84,140.27,92160,45,193,-1.200436683371663,0.011947231,-0.010992171255929861,440,99.29528729915619,76.22855377197266,0.0003,0.1118156909942627,0.118310546875,0.2
475,-36.14200000000001,140.3,94208,46,198,-1.2165246721357108,0.009269945,-0.008878404893766855,450,78.00703304409981,33.4520149230957,0.0003,0.04859346151351929,0.10908203125,0.2
477,-34.864000000000004,137.77,96256,47,201,-1.2008595503866673,0.009968085,-0.007523818455229048,460,73.56712098121643,20.507858276367188,0.0003,-0.020053625106811523,0.123681640625,0.2
478,-31.582000000000008,133.43,98304,48,205,-1.2160905212163926,0.012664615,-0.011325883906101808,470,85.44589841365814,34.171653747558594,0.0003,0.12121975421905518,0.154150390625,0.2
479,-30.46,131.14,100352,49,209,-1.212334119528532,0.009692711,-0.013597003734321333,480,85.9774612545967,46.60518264770508,0.0003,0.020878851413726807,0.130517578125,0.2
480,-29.209999999999994,130.14,102400,50,213,-1.206704780831933,0.013489161,-0.012041783011954976,490,59.341417133808136,22.96975326538086,0.0003,-0.08507001399993896,0.1798828125,0.2
481,-31.094,133.01,104448,51,216,-1.2145307559520007,0.012161799,-0.00921323553629918,500,78.31261944770813,37.40089416503906,0.0003,0.0518336296081543,0.13447265625,0.2
482,-27.837000000000003,127.81,106496,52,220,-1.1957601558417081,0.01164289,-0.008111358679889236,510,63.86493386626243,26.255443572998047,0.0003,0.15690696239471436,0.129931640625,0.2
482,-28.445,129.27,108544,53,224,-1.2055817011743784,0.012295028,-0.00703858202250558,520,99.1265015244484,43.36754608154297,0.0003,0.11675363779067993,0.097900390625,0.2
482,-28.817000000000004,129.73,110592,54,229,-1.2353630606085062,0.018720351,-0.01429176965757506,530,64.74679569005966,27.757526397705078,0.0003,0.065421462059021,0.1986328125,0.2
475,-27.911000000000005,127.72,112640,55,236,-1.2127690255641936,0.0122743,-0.00659938131866511,540,75.0343406021595,49.286075592041016,0.0003,0.0710023045539856,0.1267578125,0.2
476,-29.12,128.72,114688,56,240,-1.2132545415312053,0.015345512,-0.019833636269322597,550,65.46566120386123,24.19727325439453,0.0003,0.1324651837348938,0.2015625,0.2
477,-25.352000000000004,122.96,116736,57,244,-1.1973389990627765,0.0138628045,-0.01014046454874915,560,70.7360534310341,33.2397575378418,0.0003,0.16776609420776367,0.1630859375,0.2
479,-27.865,126.85,118784,58,247,-1.2286766979843378,0.012396034,-0.013340210395108442,570,72.76380833387375,30.46176528930664,0.0003,0.1965152621269226,0.156005859375,0.2
481,-26.798000000000002,126.41,120832,59,250,-1.1895229354500771,0.011147593,-0.00679147734772414,580,48.13493710160255,22.852317810058594,0.0003,0.1961800456047058,0.125390625,0.2
483,-26.153000000000002,124.79,122880,60,254,-1.224267315864563,0.016447242,-0.010673820693045854,590,46.693896973133086,17.298587799072266,0.0003,0.25050240755081177,0.192724609375,0.2
485,-28.458000000000002,128.58,124928,61,257,-1.2128787662833929,0.015176436,-0.01065344914823072,600,45.43648248910904,17.14164161682129,0.0003,0.18351846933364868,0.182421875,0.2
487,-27.129,127.49,126976,62,260,-1.229102960601449,0.015361758,-0.010895385836192872,610,36.54897551238537,13.938961029052734,0.0003,0.027518510818481445,0.1865234375,0.2
488,-28.808999999999997,130.17,129024,63,263,-1.2108652621507645,0.012221774,-0.01619184881565161,620,57.23598346710205,40.10431671142578,0.0003,0.17127007246017456,0.154248046875,0.2
490,-26.963999999999995,125.99,131072,64,267,-1.2013622406870126,0.011501102,-0.011232205631677062,630,64.11489552259445,23.541088104248047,0.0003,0.11537623405456543,0.13095703125,0.2
492,-27.087000000000003,126.17,133120,65,270,-1.186987479031086,0.013988998,-0.008708659555122723,640,55.292247182130815,22.89442253112793,0.0003,0.19184911251068115,0.14541015625,0.2
492,-30.601999999999997,131.71,135168,66,274,-1.2309912655502557,0.014294073,-0.011789813869108911,650,55.09003632068634,24.67203140258789,0.0003,0.12064045667648315,0.153662109375,0.2
492,-29.677,131.26,137216,67,278,-1.2356217611581086,0.018834613,-0.0105576664696855,660,25.72645117342472,12.32345962524414,0.0003,0.08712387084960938,0.173193359375,0.2
493,-31.951999999999998,133.47,139264,68,282,-1.234785020723939,0.011906596,-0.011093062541476684,670,44.05725177228451,13.907124519348145,0.0003,0.28549253940582275,0.13291015625,0.2
492,-30.795,131.63,141312,69,286,-1.1768931820988655,0.016340347,-0.01398682012077188,680,42.96213643848896,19.2557373046875,0.0003,0.3364714980125427,0.166650390625,0.2
493,-30.488999999999997,130.88,143360,70,290,-1.1984549351036549,0.017069418,-0.007898549485980766,690,57.252315944433214,29.076765060424805,0.0003,0.04912877082824707,0.162548828125,0.2
494,-32.379000000000005,133.81,145408,71,294,-1.1597735036164523,0.011114638,-0.011868195743591058,700,64.23184285163879,23.674116134643555,0.0003,0.052322328090667725,0.11943359375,0.2
494,-29.397,129.28,147456,72,297,-1.1917261578142644,0.011194279,-0.011571592059044632,710,66.65162730813026,25.080921173095703,0.0003,0.12652504444122314,0.17607421875,0.2
495,-28.468000000000004,126.82,149504,73,301,-1.2069118071347475,0.011288705,-0.01255610793523374,720,64.91314569711685,31.68023109436035,0.0003,-0.17888891696929932,0.15009765625,0.2
496,-25.290000000000006,123.06,151552,74,305,-1.21159608066082,0.011248745,-0.008442832024593372,730,39.84853776395321,26.154916763305664,0.0003,-0.05953240394592285,0.139208984375,0.2
496,-24.733000000000008,121.15,153600,75,309,-1.1864200845360755,0.011276151,-0.00941149162244983,740,64.60890815854073,43.78080749511719,0.0003,0.10749471187591553,0.143994140625,0.2
496,-22.282000000000004,118.06,155648,76,313,-1.172117169573903,0.02048507,-0.014380991239158902,750,56.718324118852614,26.134782791137695,0.0003,-0.07546365261077881,0.161767578125,0.2
496,-22.692000000000004,118.82,157696,77,317,-1.1898339897394181,0.011325874,-0.009720078198006377,760,46.501211893558505,16.992874145507812,0.0003,0.1613197922706604,0.15283203125,0.2
496,-22.518999999999995,117.61,159744,78,321,-1.1904867466539144,0.0133050475,-0.013703574394457973,770,49.65230977535248,17.169992446899414,0.0003,0.0271834135055542,0.16376953125,0.2
495,-22.46,116.32,161792,79,326,-1.1839512757956983,0.011135138,-0.009503557007701603,780,49.2322780251503,20.327945709228516,0.0003,0.0905752182006836,0.134130859375,0.2
494,-23.557999999999996,117.45,163840,80,331,-1.1544496566057205,0.010209324,-0.00499677587649785,790,42.31209262609482,16.95569610595703,0.0003,-0.018783926963806152,0.129931640625,0.2
496,-26.273000000000003,122.31,165888,81,334,-1.2002241909503937,0.015482094,-0.009354193930630573,800,42.46568337380886,13.839223861694336,0.0003,0.149153470993042,0.15048828125,0.2
497,-26.351000000000003,122.66,167936,82,337,-1.2005307234823703,0.0144498255,-0.007901104383927304,810,41.73170103728771,15.050775527954102,0.0003,-0.08760452270507812,0.14228515625,0.2
498,-25.549999999999997,121.63,169984,83,341,-1.1886584769934416,0.012794826,-0.012464928347617388,820,51.670988923311235,23.00214385986328,0.0003,0.005022585391998291,0.130908203125,0.2
499,-25.829,122.87,172032,84,344,-1.1813186552375554,0.015820654,-0.009771022268978413,830,47.0128170132637,12.224245071411133,0.0003,0.14292758703231812,0.12412109375,0.2
499,-26.94,125.97,174080,85,348,-1.193253106251359,0.014489657,-0.009685523543157614,840,51.8221450150013,18.86964225769043,0.0003,0.008326172828674316,0.145263671875,0.2
499,-27.136,125.46,176128,86,352,-1.2059760436415672,0.012741454,-0.011826442761230283,850,44.88076512217522,27.105098724365234,0.0003,-0.0006389617919921875,0.1642578125,0.2
498,-23.213999999999995,118.77,178176,87,357,-1.132457284256816,0.015110735,-0.010842974255501759,860,45.50503048300743,11.617486000061035,0.0003,0.11676192283630371,0.177099609375,0.2
499,-23.469,117.44,180224,88,360,-1.137144898995757,0.012609532,-0.012811953944037668,870,50.927180749177936,19.875164031982422,0.0003,0.17961859703063965,0.1421875,0.2
501,-23.544,117.98,182272,89,363,-1.1645534072071313,0.01394694,-0.01213389778858982,880,43.617092442512515,12.234105110168457,0.0003,0.3833882212638855,0.131005859375,0.2
502,-22.576999999999998,116.39,184320,90,366,-1.1431388948112726,0.012323989,-0.011700313746405299,890,41.12341567873955,11.547371864318848,0.0003,0.104389488697052,0.17568359375,0.2
501,-23.209000000000007,118.3,186368,91,371,-1.1754893057048321,0.015881581,-0.011804010743799154,900,35.567748284339906,11.149590492248535,0.0003,0.16737139225006104,0.158154296875,0.2
502,-25.132,121.52,188416,92,374,-1.183467608317733,0.013182725,-0.006378969826619141,910,29.873207738995553,8.674919128417969,0.0003,-0.11098527908325195,0.17080078125,0.2
503,-26.470000000000006,123.96,190464,93,377,-1.1854761015623807,0.028068043,-0.015409799326153006,920,33.98020524084568,15.969220161437988,0.0003,0.060658812522888184,0.223583984375,0.2
504,-26.57,125.1,192512,94,381,-1.2257696624845267,0.011614429,-0.012724201279343105,930,45.66076928973198,23.72498321533203,0.0003,0.0271492600440979,0.154931640625,0.2
502,-27.797000000000008,127.2,194560,95,387,-1.180319343879819,0.012155471,-0.012611334565008292,940,57.40142359137535,34.27119827270508,0.0003,0.0909428596496582,0.111865234375,0.2
501,-29.105999999999998,129.58,196608,96,391,-1.2184466030448675,0.012940072,-0.011951038517145207,950,63.74827418327332,19.199596405029297,0.0003,-0.09749603271484375,0.13193359375,0.2
501,-29.756,130.05,198656,97,395,-1.2333790265023707,0.011448247,-0.015069004733959446,960,46.7809855401516,17.523820877075195,0.0003,0.05420279502868652,0.20751953125,0.2
501,-25.372,122.54,200704,98,399,-1.2011109948158265,0.0122431535,-0.009811834128049668,970,37.01751205921173,7.983062744140625,0.0003,-0.11329364776611328,0.1603515625,0.2
499,-23.155999999999995,119.98,202752,99,405,-1.163902997970581,0.012035446,-0.00927643183094915,980,57.030352622270584,16.477012634277344,0.0003,-0.025950312614440918,0.111669921875,0.2
499,-23.387000000000004,119.82,204800,100,409,-1.216248955577612,0.011888799,-0.016883204682380894,990,50.67646674513817,34.27521896362305,0.0003,-0.09174919128417969,0.151953125,0.2
500,-22.061999999999998,117.26,206848,101,413,-1.1844300631433726,0.014647816,-0.011866529622056986,1000,33.89095185399056,15.196171760559082,0.0003,0.15611374378204346,0.148681640625,0.2
500,-18.158999999999995,111.7,208896,102,417,-1.1992101524025203,0.01036253,-0.012341892559197732,1010,42.477807968854904,13.812238693237305,0.0003,0.16135936975479126,0.1169921875,0.2
500,-16.711000000000002,109.46,210944,103,421,-1.1698305156081914,0.012366385,-0.013271129250642843,1020,43.310710901021956,19.11935043334961,0.0003,0.17269253730773926,0.13896484375,0.2
500,-15.678999999999998,106.43,212992,104,425,-1.1561321269720792,0.014378938,-0.011145715760358143,1030,38.25176548957825,17.792482376098633,0.0003,-0.19868385791778564,0.136572265625,0.2
500,-15.063000000000002,106.36,215040,105,430,-1.1368796423077583,0.01478267,-0.012265847678645515,1040,37.65234842300415,13.473073959350586,0.0003,0.006208360195159912,0.16728515625,0.2
500,-16.015,107.49,217088,106,433,-1.2061439085751773,0.014896547,-0.014094570392626338,1050,35.173698756098744,15.2972993850708,0.0003,-0.18713104724884033,0.16650390625,0.2
501,-12.486,101.18,219136,107,437,-1.1851900327950715,0.013425743,-0.010379004343121778,1060,39.036767119169234,10.605339050292969,0.0003,0.04269915819168091,0.15888671875,0.2
502,-12.534,101.33,221184,108,440,-1.1478733856230974,0.010670776,-0.011232103699148866,1070,41.808555114269254,17.7775821685791,0.0003,0.00849151611328125,0.133984375,0.2
501,-13.416999999999998,103.28,223232,109,444,-1.1463431484997273,0.008668134,-0.01152664181572618,1080,34.28280491232872,15.514410972595215,0.0003,0.1998540163040161,0.119140625,0.2
502,-12.982999999999997,102.2,225280,110,448,-1.1601616814732552,0.011655072,-0.011864307455834933,1090,38.92242656648159,13.159379005432129,0.0003,0.1677146553993225,0.11044921875,0.2
499,-13.867,103.9,227328,111,454,-1.1737842865288257,0.011843091,-0.011877746360551101,1100,35.00203478634357,9.802803039550781,0.0003,-0.006253719329833984,0.15546875,0.2
499,-17.412,109.46,229376,112,459,-1.1943601120263339,0.012250776,-0.011802273608918768,1110,38.94328249692917,15.117111206054688,0.0003,0.11295437812805176,0.138720703125,0.2
500,-17.208,109.41,231424,113,462,-1.1908197056502103,0.013383084,-0.010194840520853177,1120,38.64846361577511,12.072148323059082,0.0003,0.03774690628051758,0.153125,0.2
500,-19.11,112.33,233472,114,466,-1.1737524960190058,0.011069803,-0.01144156564696459,1130,52.910261797904965,16.008377075195312,0.0003,0.18876153230667114,0.1115234375,0.2
499,-18.227,110.37,235520,115,471,-1.182647966593504,0.019747164,-0.011082785569305998,1140,40.02255172431469,19.423120498657227,0.0003,0.061899781227111816,0.168115234375,0.2
499,-18.600999999999996,111.47,237568,116,475,-1.1561033099889755,0.010149213,-0.009154699801001698,1150,58.62464529275894,33.43971633911133,0.0003,0.17277735471725464,0.108935546875,0.2
500,-15.325,106.61,239616,117,478,-1.180226120352745,0.015046829,-0.015311443986138328,1160,46.92541475892067,15.952055931091309,0.0003,0.1446603536605835,0.173828125,0.2
501,-18.102000000000004,110.64,241664,118,481,-1.1851443704217672,0.008734435,-0.009924290288472548,1170,40.502990293502805,18.35370635986328,0.0003,-0.019547581672668457,0.116259765625,0.2
502,-18.990999999999996,112.13,243712,119,484,-1.200793993100524,0.012373572,-0.013306777649995638,1180,29.21243859529495,9.820405006408691,0.0003,0.03071504831314087,0.15849609375,0.2
503,-17.074,109.63,245760,120,488,-1.1966104477643966,0.01197486,-0.008608782167721074,1190,34.54032830297947,10.451994895935059,0.0003,-0.02298152446746826,0.13388671875,0.2
503,-13.741,102.91,247808,121,492,-1.1643581166863441,0.01235138,-0.01254587425137288,1200,40.33934254348278,10.457595825195312,0.0003,0.035487353801727295,0.143603515625,0.2
504,-13.426000000000002,103.03,249856,122,495,-1.1029074937105179,0.009830123,-0.011670388007041765,1210,34.890734353661536,9.856658935546875,0.0003,0.05978131294250488,0.131982421875,0.2
504,-9.591,96.64,251904,123,499,-1.1577093642205,0.011733621,-0.01172229428339051,1220,41.11155502796173,16.78438377380371,0.0003,0.054781436920166016,0.12958984375,0.2
504,-8.927999999999999,95.6,253952,124,503,-1.1383379567414522,0.01313705,-0.014703665851266123,1230,31.749998092651367,11.018451690673828,0.0003,-0.1518188714981079,0.15693359375,0.2
505,-9.029,95.84,256000,125,506,-1.140083509683609,0.013104059,-0.007884878826735076,1240,23.138095238804816,6.359190464019775,0.0003,-0.03247654438018799,0.164306640625,0.2
505,-10.822000000000003,98.67,258048,126,510,-1.1528217807412147,0.0111703,-0.012874026544159279,1250,32.67456892430782,10.887890815734863,0.0003,-0.04224836826324463,0.145166015625,0.2
505,-11.413999999999998,99.24,260096,127,514,-1.1102330781519414,0.01285937,-0.012447006421280094,1260,31.981182673573493,11.623283386230469,0.0003,-0.05680525302886963,0.1451171875,0.2
505,-13.250000000000002,101.81,262144,128,518,-1.1462854344397784,0.013404939,-0.01321900591283338,1270,34.45344146192074,9.679387092590332,0.0003,0.05886960029602051,0.140673828125,0.2
505,-13.064,100.97,264192,129,522,-1.1327855430543423,0.023480682,-0.02232572280918248,1280,31.855430793762206,10.122354507446289,0.0003,0.13157939910888672,0.2265625,0.2
505,-12.432,100.4,266240,130,526,-1.1686661634594202,0.015260063,-0.012586293673666659,1290,32.397083652019504,10.181268692016602,0.0003,0.22971463203430176,0.1423828125,0.2
506,-13.111,102.05,268288,131,529,-1.137165419384837,0.013668633,-0.013760550449660514,1300,36.176494219899176,9.281054496765137,0.0003,-0.0536503791809082,0.1572265625,0.2
506,-14.927,104.76,270336,132,533,-1.1248846847563982,0.0140857175,-0.017025878003187243,1310,37.42375299930573,10.154202461242676,0.0003,0.14343476295471191,0.148291015625,0.2
504,-16.887999999999998,107.36,272384,133,539,-1.141501682251692,0.01991715,-0.014388701711868634,1320,34.45726219117641,6.68822717666626,0.0003,0.18053364753723145,0.18544921875,0.2
505,-12.547999999999996,100.78,274432,134,543,-1.1347836654633283,0.014260168,-0.017663075948075858,1330,40.275417333841325,15.701127052307129,0.0003,0.013651430606842041,0.18544921875,0.2
505,-11.007,98.25,276480,135,546,-1.1336464170366525,0.012287028,-0.01363684525131248,1340,44.62233766913414,23.297561645507812,0.0003,0.041762351989746094,0.14970703125,0.2
506,-13.862,103.95,278528,136,550,-1.153829501196742,0.010808993,-0.009847196520422586,1350,43.67910838127136,20.075855255126953,0.0003,0.08977401256561279,0.107177734375,0.2
506,-10.472999999999999,98.0,280576,137,553,-1.1591810371726752,0.012641462,-0.015143444687419105,1360,35.049667191505435,12.841743469238281,0.0003,0.044458091259002686,0.142431640625,0.2
507,-6.809,92.38,282624,138,557,-1.1323892802000046,0.0120041305,-0.011651776656071889,1370,43.05196995735169,26.607744216918945,0.0003,0.045914530754089355,0.1294921875,0.2
508,-8.591999999999999,95.5,284672,139,560,-1.1222269922494887,0.010557427,-0.01339715696813073,1380,40.201248520612715,12.471271514892578,0.0003,0.09805852174758911,0.121533203125,0.2
508,-8.45,94.04,286720,140,563,-1.1556025102734566,0.01220327,-0.014686926757713081,1390,28.4125757843256,21.368452072143555,0.0003,0.16107821464538574,0.145703125,0.2
509,-6.980000000000001,92.14,288768,141,566,-1.1461695045232774,0.011086882,-0.013535245596722234,1400,34.9338427990675,13.104669570922852,0.0003,0.018955588340759277,0.158251953125,0.2
510,-8.973000000000003,95.49,290816,142,569,-1.1102085534483195,0.0142586725,-0.019383881471731,1410,42.552934408187866,13.096538543701172,0.0003,0.13455092906951904,0.15517578125,0.2
510,-10.304999999999998,97.04,292864,143,573,-1.1281994558870792,0.015017573,-0.013483426875609439,1420,33.81556640565395,15.29867935180664,0.0003,0.062335193157196045,0.1568359375,0.2
511,-8.52,94.23,294912,144,576,-1.1051917634904385,0.013060141,-0.013723745613970096,1430,37.89672085046768,15.96381664276123,0.0003,0.02878880500793457,0.1615234375,0.2
512,-9.469,95.78,296960,145,579,-1.1004476580768823,0.009321587,-0.013308716716710477,1440,41.56940647959709,11.51601791381836,0.0003,-0.008053064346313477,0.124609375,0.2
512,-9.61,96.1,299008,146,583,-1.1507555939257146,0.020419268,-0.01447286690963665,1450,26.968157893419267,12.658790588378906,0.0003,-0.206598162651062,0.17685546875,0.2
512,-12.581,100.14,301056,147,586,-1.139734585955739,0.018557046,-0.014323493529809639,1460,38.35385870337486,21.727985382080078,0.0003,0.10722249746322632,0.16474609375,0.2
513,-11.767000000000003,99.39,303104,148,590,-1.1270580559968948,0.017404957,-0.021362607405171728,1470,29.155829551815987,11.594395637512207,0.0003,-0.04626953601837158,0.181982421875,0.2
514,-8.446,93.05,305152,149,593,-1.092904393002391,0.015412537,-0.01363339727249695,1480,42.99015308022499,10.075096130371094,0.0003,0.19314885139465332,0.157666015625,0.2
515,-7.613,91.57,307200,150,596,-1.0768286928534507,0.011194959,-0.014631835333420894,1490,40.82101271748543,12.192914962768555,0.0003,0.02894127368927002,0.13349609375,0.2
516,-6.406999999999998,87.32,309248,151,599,-1.0961196253076195,0.015716702,-0.015943908400367947,1500,35.30484864115715,8.725204467773438,0.0003,0.027506113052368164,0.1658203125,0.2
516,-9.954,93.88,311296,152,602,-1.0813372490927577,0.018859766,-0.01650772516586585,1510,26.250625397264958,10.606912612915039,0.0003,0.20260769128799438,0.19423828125,0.2
517,-9.821,93.7,313344,153,605,-1.1638314012438058,0.015139004,-0.018965657534135972,1520,25.2867471113801,11.824361801147461,0.0003,-0.047302961349487305,0.208056640625,0.2
518,-6.166,87.61,315392,154,608,-1.06207966953516,0.010838741,-0.012424134548928123,1530,42.255501735210416,16.00882339477539,0.0003,0.07731419801712036,0.115966796875,0.2
519,-4.582000000000001,86.87,317440,155,611,-1.047339374758303,0.012491574,-0.015019984151876997,1540,37.39864168763161,11.983397483825684,0.0003,0.05330312252044678,0.12890625,0.2
519,-2.7400000000000007,83.79,319488,156,614,-1.0912154044955968,0.014621615,-0.01542636710946681,1550,30.151983252167703,15.574440002441406,0.0003,-0.04753267765045166,0.16669921875,0.2
520,-3.122,84.06,321536,157,617,-1.1265752464532852,0.016593259,-0.019401895618648267,1560,27.58545991182327,9.754194259643555,0.0003,0.20966100692749023,0.196533203125,0.2
521,-5.856,87.87,323584,158,620,-1.0647848634049297,0.0154707525,-0.01620293498854153,1570,36.84633340835571,13.879129409790039,0.0003,0.10994404554367065,0.159521484375,0.2
522,-9.156,93.09,325632,159,623,-1.0568413570523263,0.01796307,-0.015737186756450684,1580,35.853927072882655,14.355067253112793,0.0003,0.1869189739227295,0.152880859375,0.2
522,-10.403999999999998,95.79,327680,160,626,-1.0750798845663667,0.01154029,-0.014612317591672763,1590,38.59190194606781,11.18400764465332,0.0003,0.28312796354293823,0.160986328125,0.2
521,-9.825000000000001,95.17,329728,161,632,-1.1208879437297583,0.015250703,-0.016797171454527415,1600,41.146937197446825,18.038801193237305,0.0003,0.1777852177619934,0.162158203125,0.2
519,-8.236,92.11,331776,162,638,-1.0832457972690464,0.011918955,-0.015021440436248668,1610,39.94952839016914,14.267897605895996,0.0003,0.29947638511657715,0.1376953125,0.2
517,-7.5150000000000015,90.8,333824,163,644,-1.058715871348977,0.012344897,-0.014936027557996567,1620,54.48451768159866,14.663150787353516,0.0003,0.31358790397644043,0.121533203125,0.2
516,-5.700000000000001,87.23,335872,164,650,-1.068442900106311,0.01644528,-0.015227819824940526,1630,33.12824551165104,8.331144332885742,0.0003,-0.08880221843719482,0.1669921875,0.2
515,-9.244,92.81,337920,165,655,-1.1232155233621597,0.016235463,-0.014403842500178144,1640,28.81038699746132,9.682600021362305,0.0003,0.02360093593597412,0.17041015625,0.2
514,-10.195,95.24,339968,166,660,-1.1169849511235952,0.024851117,-0.01979492274695076,1650,28.31974600851536,8.181464195251465,0.0003,0.18628168106079102,0.196484375,0.2
514,-9.324999999999998,94.35,342016,167,664,-1.1255570270121098,0.012783865,-0.015911955419869627,1660,37.925035962462424,12.499731063842773,0.0003,0.10975641012191772,0.1427734375,0.2
513,-8.743,92.08,344064,168,669,-1.0721431506797672,0.012869807,-0.016162368025106844,1670,49.15525798201561,16.720260620117188,0.0003,0.1188780665397644,0.1408203125,0.2
507,-9.3,94.81,346112,169,682,-1.0684158464893698,0.02080052,-0.017683568109350744,1680,37.676230216026305,14.205774307250977,0.0003,0.2167145013809204,0.17021484375,0.2
502,-4.669,86.9,348160,170,692,-1.1378473289310933,0.015943708,-0.020014034425548742,1690,33.1275307148695,7.281410217285156,0.0003,0.06182515621185303,0.19150390625,0.2
502,-5.884999999999999,88.86,350208,171,696,-1.0672937935218214,0.014287539,-0.02084510845161276,1700,38.82653331160545,16.62749671936035,0.0003,0.0940350890159607,0.177783203125,0.2
501,-2.5759999999999996,85.46,352256,172,701,-1.0873451575636863,0.0115188975,-0.012594714113220107,1710,36.30831991434097,10.992703437805176,0.0003,0.04577970504760742,0.134521484375,0.2
501,-0.376,80.88,354304,173,706,-1.0687498467043042,0.012693517,-0.018827765525202267,1720,45.85699966549873,18.850034713745117,0.0003,0.22904163599014282,0.14501953125,0.2
500,-2.6070000000000007,85.09,356352,174,711,-1.1028945107012986,0.0130964145,-0.013358743794378824,1730,36.63396027684212,14.606797218322754,0.0003,0.2753627896308899,0.132080078125,0.2
499,-1.591,82.69,358400,175,716,-1.1189890954643489,0.015953472,-0.018333698305650615,1740,26.60379968583584,5.1542768478393555,0.0003,0.2305513620376587,0.1740234375,0.2
498,-3.4200000000000004,84.93,360448,176,722,-1.0651015255600214,0.009707546,-0.012933352864638436,1750,42.18070954680443,13.457752227783203,0.0003,0.35424894094467163,0.120068359375,0.2
498,-4.994000000000001,88.16,362496,177,727,-1.0965376051142812,0.012183836,-0.014717546266911085,1760,42.25683448314667,15.26870346069336,0.0003,0.32548725605010986,0.1462890625,0.2
497,-1.8920000000000003,82.13,364544,178,733,-1.109300683438778,0.015619288,-0.014306299346208107,1770,37.85596337914467,11.62595272064209,0.0003,0.1991870403289795,0.159228515625,0.2
492,-0.22500000000000037,79.75,366592,179,744,-1.0297465985640883,0.01778774,-0.02062625591061078,1780,47.656760323047635,16.151294708251953,0.0003,0.3737247586250305,0.172998046875,0.2
491,0.08800000000000027,79.72,368640,180,750,-1.0293036876246333,0.013123553,-0.015400421543745324,1790,33.672169151902196,13.80245590209961,0.0003,0.13810259103775024,0.155810546875,0.2
490,1.7710000000000008,76.21,370688,181,755,-1.0850428389385343,0.015116276,-0.01816148523357697,1800,28.841486620903016,8.868696212768555,0.0003,0.19294297695159912,0.182373046875,0.2
490,3.961000000000001,72.72,372736,182,760,-1.0220428785309195,0.017632924,-0.015843351509829517,1810,29.590300956368445,7.683081150054932,0.0003,0.07328760623931885,0.164453125,0.2
489,0.3660000000000001,79.98,374784,183,765,-1.0193786982446909,0.013621042,-0.014024814202275592,1820,26.408460557460785,11.084364891052246,0.0003,-0.06470036506652832,0.15087890625,0.2
489,-0.2860000000000001,80.32,376832,184,770,-1.0805131413042546,0.015134147,-0.016046220468706452,1830,17.747092807292937,6.148256301879883,0.0003,0.11249065399169922,0.191357421875,0.2
488,-1.263,82.02,378880,185,775,-1.0646399339661001,0.016195793,-0.014725187626027036,1840,21.971737502515317,9.719585418701172,0.0003,0.15394556522369385,0.16572265625,0.2
487,-3.4920000000000004,85.49,380928,186,781,-1.0092596495524049,0.015313216,-0.014586592186242342,1850,33.00219650864601,13.055204391479492,0.0003,0.21285170316696167,0.14931640625,0.2
486,-3.864,84.34,382976,187,787,-1.0457958463579415,0.015895873,-0.017318565311143175,1860,34.87755325436592,11.834627151489258,0.0003,0.227402925491333,0.175048828125,0.2
485,0.93,76.13,385024,188,792,-1.0514075316488742,0.016418327,-0.02351371257682331,1870,31.270313012599946,11.366510391235352,0.0003,0.2871311902999878,0.18427734375,0.2
484,0.29999999999999993,78.23,387072,189,798,-1.0119915215298534,0.012152634,-0.013772910647094249,1880,42.76131517291069,21.688663482666016,0.0003,0.17971956729888916,0.148974609375,0.2
483,4.901,70.96,389120,190,804,-0.9972520895302296,0.013381241,-0.017398158893047366,1890,40.39366235733032,14.086027145385742,0.0003,0.19326186180114746,0.152392578125,0.2
482,3.9709999999999996,73.32,391168,191,810,-1.0056036081165076,0.014764385,-0.018632518744561823,1900,31.330522069334982,15.554458618164062,0.0003,0.030103087425231934,0.18388671875,0.2
481,2.508,74.21,393216,192,816,-1.0182086661458016,0.01524784,-0.014137520897202193,1910,31.362948459386825,11.045860290527344,0.0003,0.21669000387191772,0.170556640625,0.2
480,1.8110000000000006,74.17,395264,193,822,-0.9613317754119635,0.013098838,-0.009709695726633072,1920,21.812964129447938,7.000871658325195,0.0003,0.06778353452682495,0.1423828125,0.2
479,2.997,71.04,397312,194,828,-0.9874048791825771,0.01613019,-0.015415808886609738,1930,24.798518875241278,8.605324745178223,0.0003,0.17228156328201294,0.1400390625,0.2
479,2.218,72.97,399360,195,832,-1.0124580673873425,0.014898209,-0.015618211694527418,1940,22.79376576244831,6.874600410461426,0.0003,0.2047569751739502,0.157861328125,0.2
479,0.2810000000000008,77.72,401408,196,837,-1.0062954703345894,0.012753181,-0.014201333119126502,1950,26.32975489497185,6.415109634399414,0.0003,0.17070168256759644,0.139794921875,0.2
479,2.421,75.07,403456,197,841,-1.031916737370193,0.017168399,-0.018779665560577995,1960,29.17794886827469,14.848690032958984,0.0003,0.42491376399993896,0.16220703125,0.2
479,5.784000000000001,69.39,405504,198,846,-0.9824838509783149,0.010646328,-0.014652749562810641,1970,39.64443942904472,12.936136245727539,0.0003,0.46279382705688477,0.1205078125,0.2
479,9.988,61.38,407552,199,850,-0.9183036673814058,0.01241656,-0.016787399462191387,1980,37.49817593693733,16.58148765563965,0.0003,0.24357235431671143,0.13056640625,0.2
479,9.177000000000001,63.46,409600,200,854,-0.9382736647501588,0.012865499,-0.014994601054058875,1990,28.773826023936273,11.000358581542969,0.0003,0.37445366382598877,0.14072265625,0.2
479,8.875,63.37,411648,201,859,-0.9865900944918394,0.017888466,-0.011631318721629213,2000,24.22052443921566,9.698294639587402,0.0003,0.16286003589630127,0.172802734375,0.2
478,4.513000000000001,71.34,413696,202,863,-0.8917772153392434,0.014208272,-0.01870151221519336,2010,23.48356454372406,7.485855579376221,0.0003,0.22443562746047974,0.155712890625,0.2
478,5.155,69.84,415744,203,868,-1.043528026342392,0.014538231,-0.016134172871534246,2020,18.79053843766451,7.336587905883789,0.0003,0.34441643953323364,0.17060546875,0.2
478,5.14,70.49,417792,204,872,-0.9942964332178235,0.013319624,-0.017040437513787764,2030,26.39827884733677,9.125832557678223,0.0003,0.2961188554763794,0.15263671875,0.2
478,4.519000000000001,71.84,419840,205,877,-0.8990460351109505,0.014082903,-0.0166922644697479,2040,29.389695596694946,11.846933364868164,0.0003,0.24642837047576904,0.157568359375,0.2
478,6.987,67.36,421888,206,881,-1.018894980289042,0.018147819,-0.019003878235525917,2050,21.935712710022926,8.104325294494629,0.0003,0.12718331813812256,0.20400390625,0.2
478,4.854,71.13,423936,207,886,-0.9519780153408647,0.014116794,-0.020615784978144803,2060,23.2556192278862,11.235677719116211,0.0003,0.18539679050445557,0.152099609375,0.2
478,3.906999999999999,72.6,425984,208,890,-0.9750914059579372,0.018511772,-0.017181098958826625,2070,20.720346665382387,4.789130210876465,0.0003,0.3291856050491333,0.205029296875,0.2
478,6.584000000000002,66.42,428032,209,895,-0.9067734701558947,0.013110109,-0.018916671386978123,2080,28.073197320103645,13.054018020629883,0.0003,0.3049688935279846,0.141064453125,0.2
478,10.003,60.41,430080,210,899,-0.9308524176478385,0.022852458,-0.023885501206677873,2090,21.620468662679194,7.626494407653809,0.0003,0.15067660808563232,0.17998046875,0.2
477,8.944,62.11,432128,211,904,-0.9285470081493259,0.015162181,-0.01684084257867653,2100,21.522761976718904,9.48172664642334,0.0003,0.06102043390274048,0.1564453125,0.2
477,7.943,64.6,434176,212,908,-0.9406372234225273,0.019483421,-0.01416323994853883,2110,17.974817091226576,8.66218376159668,0.0003,0.3787078857421875,0.173828125,0.2
477,9.780000000000001,61.01,436224,213,913,-0.9589641992002725,0.018729629,-0.01516526170889847,2120,19.779917153716088,7.006935119628906,0.0003,0.15044665336608887,0.200146484375,0.2
477,10.51,60.22,438272,214,917,-0.849791344255209,0.018001208,-0.018102993855427484,2130,18.574821624159814,6.00071382522583,0.0003,0.2620390057563782,0.1529296875,0.2
477,12.518999999999998,57.0,440320,215,922,-0.9465000385418534,0.013160677,-0.01887511198001448,2140,15.94082065075636,6.4093828201293945,0.0003,0.3436482548713684,0.160400390625,0.2
477,11.702,58.67,442368,216,926,-0.9058998422697186,0.020739537,-0.024058195126417558,2150,18.097793278098106,8.305237770080566,0.0003,0.43148601055145264,0.204931640625,0.2
477,9.924000000000001,61.59,444416,217,930,-0.9241061495617032,0.01485903,-0.020582404168089853,2160,17.7866672039032,4.200638294219971,0.0003,0.40119701623916626,0.174658203125,0.2
477,7.476,64.55,446464,218,935,-0.9679339921101928,0.01754691,-0.01946938995097298,2170,14.941575257480144,5.113157272338867,0.0003,0.42794114351272583,0.188818359375,0.2
477,6.1979999999999995,66.02,448512,219,939,-0.9066066613420845,0.014720709,-0.013495354943734128,2180,14.34540431946516,6.267187595367432,0.0003,0.25189846754074097,0.1658203125,0.2
477,5.109,68.16,450560,220,944,-0.9763726452365518,0.015161289,-0.017886428264318965,2190,21.442369458079337,7.243027210235596,0.0003,0.459408700466156,0.16142578125,0.2
477,6.624,66.41,452608,221,948,-0.9692608965560794,0.015130244,-0.017170787684153765,2200,24.10753562152386,8.266467094421387,0.0003,0.5287802219390869,0.14697265625,0.2
477,8.078,65.25,454656,222,952,-0.9087008960545063,0.013605963,-0.016259522421023576,2210,24.19432206451893,7.464154243469238,0.0003,0.18314850330352783,0.145166015625,0.2
477,12.625,55.97,456704,223,957,-0.9025235580280423,0.015480714,-0.026249773491872474,2220,23.114757707715036,5.549612045288086,0.0003,0.4439460039138794,0.18212890625,0.2
477,10.428000000000003,59.74,458752,224,961,-0.8713415697216987,0.019789733,-0.0369697979913326,2230,16.683641174435614,5.405242443084717,0.0003,0.09433460235595703,0.2181640625,0.2
476,10.508,58.7,460800,225,966,-0.9400078801438212,0.016340932,-0.020372053794562816,2240,15.94339973181486,5.401672840118408,0.0003,0.44503939151763916,0.182568359375,0.2
476,12.775,54.94,462848,226,971,-0.8877445828169584,0.015509691,-0.020661873412609565,2250,22.69592869579792,7.607598781585693,0.0003,0.49643242359161377,0.164013671875,0.2
476,10.719000000000001,58.78,464896,227,976,-0.8706154763698578,0.014074047,-0.01886149898637086,2260,21.09394837617874,7.407587051391602,0.0003,0.4489120841026306,0.14921875,0.2
476,10.438000000000002,59.37,466944,228,980,-0.9347254138439893,0.017174706,-0.019488874019589274,2270,19.717383697628975,8.52750015258789,0.0003,0.4335342049598694,0.1951171875,0.2
475,7.521000000000002,65.24,468992,229,985,-0.8976433405652642,0.015056025,-0.020045109959028196,2280,21.793836852908136,5.380075931549072,0.0003,0.5791689157485962,0.158154296875,0.2
475,13.145,54.74,471040,230,989,-0.9126747714355588,0.015070792,-0.020288646563130897,2290,26.621058312058448,11.75808048248291,0.0003,0.5756877660751343,0.171044921875,0.2
475,16.269000000000002,49.01,473088,231,994,-0.7981012236326933,0.01831644,-0.01960033369687153,2300,19.671680381894113,8.665045738220215,0.0003,0.23868083953857422,0.18330078125,0.2
475,14.978,51.38,475136,232,999,-0.8329092334955931,0.013806747,-0.022624560970143648,2310,18.564598822593688,7.421076774597168,0.0003,0.4140053987503052,0.15380859375,0.2
474,13.369999999999997,54.38,477184,233,1004,-0.8671162690967321,0.022311011,-0.016467147646471857,2320,14.031876809895039,3.258591413497925,0.0003,0.3323957324028015,0.206103515625,0.2
474,9.062000000000001,61.58,479232,234,1009,-0.8801305746659637,0.015914947,-0.020207707335066515,2330,18.495909735560417,5.945235729217529,0.0003,0.5067362785339355,0.1642578125,0.2
474,8.392000000000001,62.92,481280,235,1014,-0.9663546400144696,0.014618957,-0.019189838369493374,2340,23.354310354590417,9.734127044677734,0.0003,0.5533172488212585,0.152392578125,0.2
474,8.121,63.41,483328,236,1019,-0.8919175874441863,0.012820109,-0.020031687659502494,2350,24.62603517174721,10.319463729858398,0.0003,0.48155951499938965,0.1357421875,0.2
473,12.726,55.62,485376,237,1024,-0.8818442545831203,0.02067742,-0.020698959416768047,2360,19.689730328321456,5.958279609680176,0.0003,0.17046219110488892,0.18193359375,0.2
473,12.221000000000002,56.46,487424,238,1028,-0.8455081153661013,0.0145642,-0.019091176135407294,2370,19.86024862229824,7.662374496459961,0.0003,0.42634522914886475,0.163330078125,0.2
473,13.398,54.55,489472,239,1033,-0.8548937559127807,0.014966963,-0.02192142342100851,2380,23.422319230437278,10.13181209564209,0.0003,0.4372904896736145,0.16865234375,0.2
473,16.228999999999996,49.35,491520,240,1038,-0.8485934633761645,0.015208457,-0.020732083216717,2390,20.491438686847687,6.22181510925293,0.0003,0.37261199951171875,0.179541015625,0.2
472,14.599999999999998,51.53,493568,241,1044,-0.796304946579039,0.013321983,-0.018851479789009317,2400,20.16569661796093,9.716472625732422,0.0003,0.41926389932632446,0.131396484375,0.2
472,16.307000000000002,47.7,495616,242,1049,-0.862724669650197,0.01726917,-0.024401873625174632,2410,19.78318599164486,6.903709411621094,0.0003,0.5345609188079834,0.1755859375,0.2
471,15.484999999999998,49.06,497664,243,1055,-0.775985074788332,0.015758168,-0.02079996914108051,2420,20.26967809200287,7.3177995681762695,0.0003,0.4816005825996399,0.1498046875,0.2
470,13.642999999999999,52.8,499712,244,1061,-0.8599159302189946,0.01647247,-0.022446375932486263,2430,17.953617805242537,6.821197509765625,0.0003,0.46680891513824463,0.168310546875,0.2
470,16.151,48.53,501760,245,1065,-0.8759451871737838,0.014663586,-0.016228572904947215,2440,15.518367935717105,6.369501113891602,0.0003,0.5907166004180908,0.17255859375,0.2
470,13.110000000000003,54.48,503808,246,1070,-0.822938565351069,0.015912551,-0.019944646654766984,2450,18.127736434340477,7.980682373046875,0.0003,0.5022419095039368,0.157666015625,0.2
470,13.585,52.65,505856,247,1075,-0.8657086618244648,0.017858151,-0.019253169017611073,2460,16.592280507087708,3.9861488342285156,0.0003,0.39216482639312744,0.17646484375,0.2
470,13.225999999999999,53.44,507904,248,1079,-0.8463268166407942,0.023814827,-0.016087803861591966,2470,16.134357418119908,5.931306838989258,0.0003,0.5205707550048828,0.172265625,0.2
470,13.74,52.32,509952,249,1083,-0.8437199266627431,0.01390103,-0.019112340337596834,2480,18.942487899959087,5.611078262329102,0.0003,0.6693054437637329,0.15302734375,0.2
470,12.849,53.84,512000,250,1088,-0.8428051633760333,0.017881364,-0.021539212988864166,2490,21.464137917757036,9.461100578308105,0.0003,0.6119301319122314,0.155029296875,0.2
470,10.761999999999999,57.64,514048,251,1092,-0.9498398127034307,0.014931114,-0.023024410725338385,2500,24.24934176951647,11.356426239013672,0.0003,0.7273211479187012,0.17900390625,0.2
470,9.303,60.84,516096,252,1096,-0.8675440864637494,0.013568728,-0.019640951900510118,2510,35.025139251351355,13.811287879943848,0.0003,0.6420542597770691,0.146923828125,0.2
470,10.347999999999999,59.52,518144,253,1101,-0.8659718226641416,0.013158005,-0.01565290387661662,2520,32.485857331752776,16.438735961914062,0.0003,0.623700737953186,0.13251953125,0.2
470,10.427999999999999,59.17,520192,254,1105,-0.9283629011362791,0.016702672,-0.018902218983566855,2530,36.352795511484146,14.988730430603027,0.0003,0.5712510347366333,0.141357421875,0.2
470,9.521,60.64,522240,255,1110,-0.8767915373668075,0.011847078,-0.014455871372774709,2540,34.567977133393285,15.183156967163086,0.0003,0.6093401908874512,0.1326171875,0.2
470,12.988,53.69,524288,256,1115,-0.8579980500042439,0.013742408,-0.01536838286119746,2550,39.11371163129807,16.672712326049805,0.0003,0.5548622608184814,0.137939453125,0.2
469,15.183,50.16,526336,257,1120,-0.8203264253214002,0.015012294,-0.019411857947125098,2560,33.364959847927096,13.433684349060059,0.0003,0.5599038600921631,0.163818359375,0.2
470,14.634,51.03,528384,258,1123,-0.835313088260591,0.015589738,-0.015561607052222825,2570,28.992753010988235,11.708723068237305,0.0003,0.5947035551071167,0.1546875,0.2
470,14.922999999999996,49.68,530432,259,1126,-0.8056691091507673,0.021195825,-0.013327974017011001,2580,26.598566725850105,7.378518104553223,0.0003,0.4120461344718933,0.173828125,0.2
470,13.893000000000002,51.22,532480,260,1131,-0.8413682812824845,0.013938319,-0.01566139389469754,2590,21.438849967718124,8.5374116897583,0.0003,0.6512079834938049,0.164501953125,0.2
470,12.580999999999996,52.78,534528,261,1135,-0.7726988017559051,0.015344106,-0.016099245398800123,2600,19.689001253247262,7.185014247894287,0.0003,0.6331812143325806,0.17412109375,0.2
471,12.243999999999996,52.93,536576,262,1138,-0.8622262028977274,0.023821183,-0.01663271077995887,2610,20.581169666349886,6.996240615844727,0.0003,0.5140116214752197,0.183056640625,0.2
470,13.884000000000004,50.27,538624,263,1143,-0.8018701490014791,0.014877746,-0.020238610230444466,2620,20.515118345618248,5.848723888397217,0.0003,0.6468328833580017,0.16923828125,0.2
470,13.77,51.06,540672,264,1150,-0.7637995727360248,0.015634608,-0.019222906314826104,2630,19.565341657400133,6.193097114562988,0.0003,0.38847851753234863,0.178515625,0.2
470,12.552,53.05,542720,265,1153,-0.8901335069909692,0.02018236,-0.021111911967454943,2640,23.23872314989567,7.646994590759277,0.0003,0.6785105466842651,0.1876953125,0.2
470,13.319999999999999,52.35,544768,266,1157,-0.8944611169397831,0.017460149,-0.02230559906747658,2650,25.66346907019615,7.869264602661133,0.0003,0.630305826663971,0.184619140625,0.2
470,11.100999999999999,57.26,546816,267,1161,-0.7753987452015281,0.013830325,-0.021527865409007065,2660,23.304144921898843,5.856618404388428,0.0003,0.6511090993881226,0.1580078125,0.2
471,11.799,56.05,548864,268,1164,-0.9001844357699156,0.013320358,-0.016943131254811304,2670,29.08324164748192,11.775629043579102,0.0003,0.6480981111526489,0.163671875,0.2
471,12.062999999999997,55.68,550912,269,1168,-0.8352146469056606,0.014300268,-0.01939056165283546,2680,29.765995082259177,9.507582664489746,0.0003,0.6017911434173584,0.166943359375,0.2
471,12.937999999999999,53.67,552960,270,1172,-0.8394952770322561,0.017834298,-0.024948674128972927,2690,23.520172148942947,12.057769775390625,0.0003,0.6481040716171265,0.18193359375,0.2
471,13.503,52.56,555008,271,1176,-0.8536257471889257,0.01690577,-0.01849307509837672,2700,29.463618490099908,11.833525657653809,0.0003,0.6470582485198975,0.15576171875,0.2
471,11.389999999999997,56.64,557056,272,1181,-0.8322441695258022,0.01836206,-0.015933251156820916,2710,22.970634192228317,7.76914644241333,0.0003,0.550312876701355,0.16640625,0.2
471,10.653000000000002,58.29,559104,273,1185,-0.8618142522871495,0.02156638,-0.021883426017302553,2720,21.969248396158218,9.421378135681152,0.0003,0.5873668193817139,0.184130859375,0.2
471,7.981999999999999,61.34,561152,274,1189,-0.9284077385440469,0.01812692,-0.016218960632977543,2730,21.923539187014104,7.044371128082275,0.0003,0.5967386364936829,0.17978515625,0.2
471,9.657,57.66,563200,275,1193,-0.8845139192417264,0.017068349,-0.019485399186669382,2740,21.276238553225994,8.376619338989258,0.0003,0.384235143661499,0.229736328125,0.2
472,10.351,56.36,565248,276,1197,-0.8148285264149309,0.016689414,-0.02694046258693561,2750,25.269006887078284,10.779223442077637,0.0003,0.596672534942627,0.169873046875,0.2
472,12.940000000000003,53.66,567296,277,1201,-0.8719369184225798,0.01850637,-0.018857950353412888,2760,26.449197793006896,7.693664073944092,0.0003,0.6312968730926514,0.1849609375,0.2
471,13.494999999999997,52.41,569344,278,1206,-0.82998126167804,0.014550198,-0.020088090433273465,2770,30.710607326030733,16.374191284179688,0.0003,0.6179323196411133,0.168505859375,0.2
472,16.843999999999998,45.88,571392,279,1210,-0.8118139995262027,0.018517248,-0.02179925512173213,2780,22.40976622402668,6.714017391204834,0.0003,0.6742086410522461,0.1705078125,0.2
472,15.161,49.95,573440,280,1214,-0.7553662335500121,0.018770989,-0.021937668592727277,2790,20.83167543709278,6.516081809997559,0.0003,0.5763157606124878,0.162548828125,0.2
472,14.698999999999998,50.78,575488,281,1217,-0.8750869613140821,0.014625106,-0.020997099353189698,2800,20.84561943113804,12.117551803588867,0.0003,0.5948042273521423,0.193359375,0.2
472,13.092,53.81,577536,282,1221,-0.7484199583530426,0.01680573,-0.020189164730982156,2810,21.784666979312895,9.683481216430664,0.0003,0.3984319567680359,0.164599609375,0.2
472,14.109000000000004,51.75,579584,283,1225,-0.8425918424502015,0.018577624,-0.018698093698185404,2820,15.730960172414779,5.408267974853516,0.0003,0.6478224396705627,0.186376953125,0.2
473,12.505,53.92,581632,284,1229,-0.8081059206277132,0.020821784,-0.022780317776778247,2830,26.74858175814152,11.015637397766113,0.0003,0.6010828614234924,0.17275390625,0.2
473,16.009,47.6,583680,285,1233,-0.800603955425322,0.020867582,-0.03607756186975166,2840,21.536351758241654,8.084625244140625,0.0003,0.6631256341934204,0.2259765625,0.2
473,15.462,47.91,585728,286,1236,-0.7773182375356555,0.017683562,-0.025809901478351095,2850,23.586395564675332,7.8622846603393555,0.0003,0.6145225167274475,0.1666015625,0.2
473,16.593000000000004,46.36,587776,287,1241,-0.746702604740858,0.0191869,-0.018308363731193822,2860,19.236690786480903,6.664320468902588,0.0003,0.47208476066589355,0.15703125,0.2
473,15.347000000000003,49.48,589824,288,1245,-0.7756900005042553,0.022170296,-0.01711425337853143,2870,19.403260457515717,7.671392917633057,0.0003,0.5994138717651367,0.17412109375,0.2
473,16.526,46.66,591872,289,1249,-0.842605315335095,0.017599074,-0.01628258089913288,2880,13.148801159858703,3.033878803253174,0.0003,0.5793309807777405,0.197705078125,0.2
474,19.828000000000003,41.01,593920,290,1252,-0.6682286936789751,0.018058497,-0.017140496606589294,2890,15.14641339480877,3.413358449935913,0.0003,0.5929889678955078,0.14453125,0.2
474,15.962000000000003,48.16,595968,291,1256,-0.7610129160806537,0.014140755,-0.021226784656755628,2900,20.981720304489137,8.36655330657959,0.0003,0.6308460235595703,0.152685546875,0.2
474,12.931,53.85,598016,292,1259,-0.8430288517847657,0.016463032,-0.024640664749313146,2910,19.969246961176395,6.153015613555908,0.0003,0.7485337853431702,0.190283203125,0.2
475,16.887,46.27,600064,293,1262,-0.8494058316573501,0.012364063,-0.017423412614152766,2920,24.614526304602624,7.116438865661621,0.0003,0.700091540813446,0.163623046875,0.2
475,17.084999999999997,46.14,602112,294,1265,-0.700011552684009,0.015527971,-0.02507028537802398,2930,23.282526123523713,7.591676712036133,0.0003,0.5482761263847351,0.1513671875,0.2
476,15.992000000000003,48.17,604160,295,1269,-0.7703787632286548,0.018109677,-0.018166772220865823,2940,16.201623436808585,5.315086841583252,0.0003,0.7014789581298828,0.1609375,0.2
476,12.984000000000002,53.88,606208,296,1272,-0.8339015960693359,0.016892439,-0.021413039312756156,2950,21.910638451576233,5.616091728210449,0.0003,0.7061195373535156,0.157763671875,0.2
476,11.845,55.48,608256,297,1275,-0.8612685721367598,0.017372038,-0.022298391909134806,2960,21.071723645925523,4.511075973510742,0.0003,0.7500060200691223,0.174072265625,0.2
477,11.705,55.63,610304,298,1278,-0.8521649839356542,0.0178497,-0.021764627211086917,2970,25.10672308206558,6.839560031890869,0.0003,0.6573587656021118,0.171044921875,0.2
477,11.181000000000001,56.62,612352,299,1283,-0.8069113185629249,0.014854257,-0.019298811731277964,2980,24.915090090036394,12.799406051635742,0.0003,0.7050966024398804,0.16005859375,0.2
477,11.7,55.45,614400,300,1286,-0.9009470973163843,0.018236123,-0.026733617410354783,2990,28.09416934251785,7.851193428039551,0.0003,0.6566034555435181,0.18125,0.2
477,12.657999999999998,54.09,616448,301,1290,-0.8357158424332738,0.014924212,-0.019185775058576836,3000,34.96639264523983,14.786667823791504,0.0003,0.7449342012405396,0.157763671875,0.2
477,10.399000000000001,57.13,618496,302,1294,-0.7705649118870497,0.015776305,-0.020025056472513826,3010,31.78926718533039,8.88618278503418,0.0003,0.6398041248321533,0.14501953125,0.2
478,10.728000000000002,54.34,620544,303,1297,-0.879894288443029,0.019061614,-0.022160957788582892,3020,35.955076444149014,8.464430809020996,0.0003,0.7676194906234741,0.178076171875,0.2
478,11.638000000000002,54.41,622592,304,1301,-0.7727594597265124,0.020982634,-0.012058145673654508,3030,32.36965493261814,8.364564895629883,0.0003,0.5649229288101196,0.149658203125,0.2
478,11.613,56.2,624640,305,1305,-0.8531449919566512,0.01385661,-0.017873649939429016,3040,39.72277256250381,13.296961784362793,0.0003,0.700494647026062,0.152294921875,0.2
478,13.961000000000002,52.71,626688,306,1308,-0.88613988365978,0.017404187,-0.016551362175960094,3050,33.88286381959915,11.831056594848633,0.0003,0.6715217232704163,0.147119140625,0.2
478,15.909,47.47,628736,307,1313,-0.7689029110595584,0.013829315,-0.022843034060497303,3060,38.751117104291914,11.83021068572998,0.0003,0.5414840579032898,0.157275390625,0.2
478,13.998,50.44,630784,308,1317,-0.7241735773161053,0.023022372,-0.02085827947885264,3070,20.136057315766813,7.2560133934021,0.0003,0.41973966360092163,0.18466796875,0.2
478,12.599,53.13,632832,309,1321,-0.8290439363569021,0.021972403,-0.026030588685534893,3080,18.952719230949878,6.816259860992432,0.0003,0.592377245426178,0.216552734375,0.2
478,15.202,48.54,634880,310,1325,-0.810191172733903,0.015209009,-0.019983261880406646,3090,24.77069637477398,5.9118123054504395,0.0003,0.6683108806610107,0.18115234375,0.2
479,18.43,41.3,636928,311,1329,-0.7115778548642993,0.017193949,-0.014772055247158277,3100,20.99985439479351,9.462979316711426,0.0003,0.7373247146606445,0.159814453125,0.2
479,16.927,44.0,638976,312,1333,-0.6767634436488151,0.021984737,-0.021330995799507944,3110,13.925939609110355,3.7309515476226807,0.0003,0.5493203401565552,0.174462890625,0.2
479,18.112000000000002,42.5,641024,313,1336,-0.738707354106009,0.01615164,-0.021983914195152464,3120,16.677831313014032,7.407804489135742,0.0003,0.650127112865448,0.1755859375,0.2
479,15.913000000000004,46.06,643072,314,1340,-0.7678167035803198,0.014399663,-0.013780742957897019,3130,17.51711450368166,6.469621658325195,0.0003,0.6625773906707764,0.1501953125,0.2
480,15.473000000000003,46.94,645120,315,1343,-0.6901503754779696,0.022486657,-0.014746391584048979,3140,15.33123857676983,4.57944917678833,0.0003,0.4442756772041321,0.146337890625,0.2
480,17.366999999999997,44.07,647168,316,1347,-0.8006014723330737,0.031229207,-0.021901421528309584,3150,17.953241634368897,6.543152332305908,0.0003,0.5088097453117371,0.1806640625,0.2
480,18.925,41.9,649216,317,1351,-0.6830891983583569,0.016264435,-0.018790830294892657,3160,17.160534782707693,7.023365497589111,0.0003,0.6903212666511536,0.14677734375,0.2
480,12.488,51.15,651264,318,1355,-0.7412246374413372,0.019769423,-0.017617968189006204,3170,15.097348107397556,5.187549114227295,0.0003,0.6490848064422607,0.17099609375,0.2
480,12.607999999999999,50.47,653312,319,1358,-0.923422696441412,0.032360837,-0.02183840592042543,3180,13.455362952500582,3.867709159851074,0.0003,0.6692219972610474,0.24345703125,0.2
481,20.584,38.89,655360,320,1361,-0.6622594561427831,0.015326928,-0.011899496964178979,3190,17.532250870764255,5.421270370483398,0.0003,0.5329530239105225,0.1525390625,0.2
481,18.562,41.64,657408,321,1364,-0.6825802987441421,0.016110431,-0.020523812703322618,3200,14.946285644173622,4.3593010902404785,0.0003,0.6938464641571045,0.16083984375,0.2
481,18.374,41.82,659456,322,1368,-0.7369723107665778,0.0151155945,-0.01632530712086009,3210,14.773635566234589,4.114004135131836,0.0003,0.6944538354873657,0.162548828125,0.2
482,16.923,44.94,661504,323,1371,-0.691575126722455,0.017013667,-0.017836076734238305,3220,18.454526574909686,7.681097507476807,0.0003,0.5870741605758667,0.1494140625,0.2
482,15.508,47.98,663552,324,1374,-0.7677407192066312,0.017265253,-0.01971525224071229,3230,19.297360737621783,3.71332049369812,0.0003,0.689368724822998,0.17822265625,0.2
483,16.387,46.36,665600,325,1377,-0.7899704147130251,0.01592701,-0.018243132023781073,3240,21.163975763320924,7.260538578033447,0.0003,0.6510921716690063,0.15703125,0.2
482,15.241,48.1,667648,326,1383,-0.7130285019055009,0.016633853,-0.020572855589853133,3250,19.32341775149107,5.688586711883545,0.0003,0.6802178621292114,0.1595703125,0.2
482,15.336000000000002,47.48,669696,327,1388,-0.8404732229188084,0.018146086,-0.02092870026244782,3260,21.16515711992979,7.94305419921875,0.0003,0.7358560562133789,0.192041015625,0.2
482,15.680000000000001,47.17,671744,328,1393,-0.787174510769546,0.01448705,-0.01941287236259086,3270,28.004300826787947,14.18328857421875,0.0003,0.7268807888031006,0.156787109375,0.2
481,18.842,42.02,673792,329,1398,-0.7360415721312166,0.013271063,-0.015194711544609163,3280,26.87989830970764,7.913947105407715,0.0003,0.7147284746170044,0.142431640625,0.2
481,19.714,40.35,675840,330,1402,-0.69000976216048,0.013606498,-0.02083659580530366,3290,25.02044796347618,8.19088077545166,0.0003,0.7239252328872681,0.1291015625,0.2
481,21.397000000000002,37.44,677888,331,1407,-0.6815886464901268,0.017332818,-0.01735673861694522,3300,22.262996788322926,9.010393142700195,0.0003,0.7297307252883911,0.14365234375,0.2
481,20.160000000000004,39.89,679936,332,1411,-0.6888621272519231,0.023247521,-0.020055620871426073,3310,22.03110950291157,10.638442039489746,0.0003,0.6382306814193726,0.15478515625,0.2
481,16.407999999999998,47.1,681984,333,1415,-0.7449636217206717,0.02401614,-0.022441795635677407,3320,15.812726734578609,4.790771484375,0.0003,0.6323179006576538,0.191455078125,0.2
481,13.175999999999998,53.0,684032,334,1420,-0.8041452307254076,0.01878935,-0.02096119846100919,3330,16.320835092663764,4.916683197021484,0.0003,0.7436352372169495,0.180322265625,0.2
481,15.211000000000002,48.03,686080,335,1424,-0.7763805545866489,0.017385395,-0.01953721057943767,3340,25.040181577205658,4.29542875289917,0.0003,0.7206777334213257,0.162939453125,0.2
481,16.319000000000003,45.98,688128,336,1429,-0.7638005290180445,0.014885992,-0.016230405370879452,3350,22.907248267531394,6.9523773193359375,0.0003,0.5821809768676758,0.164599609375,0.2
481,15.755,46.76,690176,337,1433,-0.8016858905553818,0.017743923,-0.019636175128107426,3360,19.523987132310868,8.990747451782227,0.0003,0.7030665874481201,0.170361328125,0.2
481,17.447,44.0,692224,338,1437,-0.7734333030879498,0.02277514,-0.022070864200941287,3370,18.339624363183976,6.30033540725708,0.0003,0.4226565957069397,0.196044921875,0.2
481,12.735000000000003,50.49,694272,339,1442,-0.773158511519432,0.019200094,-0.015104442152369302,3380,17.102646118402483,4.871358394622803,0.0003,0.6434206962585449,0.172021484375,0.2
481,14.472000000000001,48.89,696320,340,1446,-0.791958000510931,0.019997964,-0.01868206640938297,3390,17.563040621578693,5.791101455688477,0.0003,0.6824138164520264,0.180322265625,0.2
481,18.71,42.67,698368,341,1451,-0.6849727258086205,0.015090385,-0.0215989306467236,3400,27.991972336173056,16.90342140197754,0.0003,0.6073901057243347,0.145751953125,0.2
481,15.556,47.82,700416,342,1455,-0.7286211967468261,0.020793226,-0.024995406642847228,3410,17.554921309649945,6.670328140258789,0.0003,0.616631031036377,0.172412109375,0.2
481,11.879000000000001,54.82,702464,343,1459,-0.7924628304317594,0.019403657,-0.021732318938302343,3420,21.219777807593346,5.771539211273193,0.0003,0.6904929876327515,0.196435546875,0.2
481,18.37,42.76,704512,344,1464,-0.8349836748093367,0.018609252,-0.02287417138868477,3430,27.431105670332908,6.084255695343018,0.0003,0.7935769557952881,0.17529296875,0.2
480,19.775,39.36,706560,345,1468,-0.6243898062035441,0.013355524,-0.01790148441432393,3440,24.133650448918342,10.330982208251953,0.0003,0.7249262928962708,0.13173828125,0.2
480,16.308,45.99,708608,346,1473,-0.7968700075522065,0.015021301,-0.016469014098402113,3450,31.0233923971653,5.548458099365234,0.0003,0.7749667763710022,0.16240234375,0.2
480,17.363,44.8,710656,347,1478,-0.749044668674469,0.013945575,-0.01691119126189733,3460,31.074219101667403,10.065661430358887,0.0003,0.6703904271125793,0.12275390625,0.2
480,15.056000000000001,49.68,712704,348,1482,-0.7356069099158049,0.018723927,-0.02403000620106468,3470,28.398259881138802,9.79238224029541,0.0003,0.6033031940460205,0.16171875,0.2
480,11.748,55.9,714752,349,1487,-0.8516411058604717,0.022553667,-0.023474262034869752,3480,21.88810042440891,9.690138816833496,0.0003,0.7033846378326416,0.184033203125,0.2
480,12.208999999999998,54.88,716800,350,1491,-0.8874931760132313,0.01596204,-0.017202396094216966,3490,32.53091303110123,14.868701934814453,0.0003,0.6364550590515137,0.182763671875,0.2
480,18.232,43.82,718848,351,1496,-0.6806962884962559,0.014651288,-0.023590560430602637,3500,34.52469543516636,10.854790687561035,0.0003,0.6245912313461304,0.137646484375,0.2
480,16.491999999999997,46.54,720896,352,1500,-0.742991590872407,0.027725775,-0.027550130597956014,3510,21.1958546936512,10.888168334960938,0.0003,0.4329960346221924,0.213232421875,0.2
480,14.985,48.46,722944,353,1505,-0.7545277612283826,0.021908635,-0.021328254623222166,3520,19.7772034779191,6.059762954711914,0.0003,0.598667323589325,0.197265625,0.2
480,14.713999999999999,48.44,724992,354,1509,-0.8046615051105619,0.023826905,-0.02389837212394923,3530,17.842441825568677,8.116829872131348,0.0003,0.535173773765564,0.202880859375,0.2
480,18.607999999999997,41.69,727040,355,1513,-0.723687200434506,0.023793533,-0.019804838998243212,3540,20.18003218024969,8.995932579040527,0.0003,0.5137247443199158,0.16376953125,0.2
480,16.457000000000004,47.26,729088,356,1518,-0.6916659872978925,0.018274212,-0.017082888566073963,3550,16.944879361987113,6.448633193969727,0.0003,0.6468260288238525,0.164013671875,0.2
480,16.464999999999996,46.73,731136,357,1522,-0.8066598879173398,0.014964931,-0.0206960682378849,3560,21.908171543478964,6.039157867431641,0.0003,0.7440305948257446,0.176318359375,0.2
480,17.189,44.54,733184,358,1527,-0.6727104566991329,0.0169627,-0.01853990546951536,3570,19.877580937743186,6.077760219573975,0.0003,0.6611138582229614,0.158984375,0.2
480,17.211,44.05,735232,359,1531,-0.7986033882945776,0.019650925,-0.020375205988239033,3580,18.55724623054266,6.12675666809082,0.0003,0.6744024753570557,0.197998046875,0.2
480,20.925,38.1,737280,360,1535,-0.6926512941718102,0.0156071875,-0.02095424593280768,3590,18.819836084544658,4.639559268951416,0.0003,0.806552529335022,0.157861328125,0.2
479,20.370999999999995,39.36,739328,361,1540,-0.6472117843106389,0.014489447,-0.019714718576869926,3600,24.176628631353378,8.148876190185547,0.0003,0.7322365045547485,0.14296875,0.2
479,18.174,43.36,741376,362,1545,-0.6712010610848665,0.019258838,-0.02809497243142687,3610,18.693481308221816,6.541903972625732,0.0003,0.6236237287521362,0.17900390625,0.2
479,17.765,44.15,743424,363,1549,-0.755597504414618,0.021205911,-0.02164823836501455,3620,17.000123418867588,6.106177806854248,0.0003,0.7559593915939331,0.206396484375,0.2
479,20.812,37.94,745472,364,1554,-0.7100690307095647,0.016838156,-0.020986259532219265,3630,20.310935166478156,8.647887229919434,0.0003,0.7195794582366943,0.16435546875,0.2
479,18.187000000000005,42.21,747520,365,1558,-0.6526156570762396,0.019295264,-0.017205889566685072,3640,20.661850729584692,13.351438522338867,0.0003,0.7781440615653992,0.137890625,0.2
479,14.498000000000001,49.58,749568,366,1563,-0.7926329867914319,0.01794251,-0.020431997574632987,3650,24.12927822470665,12.304887771606445,0.0003,0.7964410781860352,0.1751953125,0.2
479,17.488000000000003,44.55,751616,367,1567,-0.7714927766472102,0.015971731,-0.027135653670120517,3660,32.13115635812282,16.35196304321289,0.0003,0.7426051497459412,0.18056640625,0.2
479,18.733999999999998,41.7,753664,368,1572,-0.6776263257488608,0.016036795,-0.023006181957316584,3670,32.46511079967022,13.991986274719238,0.0003,0.5533456206321716,0.14228515625,0.2
479,15.636000000000001,47.66,755712,369,1576,-0.7199460240080953,0.018945932,-0.019255012430949136,3680,26.284971234202384,10.501937866210938,0.0003,0.6846792697906494,0.165283203125,0.2
479,13.077,52.38,757760,370,1580,-0.8048076337203384,0.026248455,-0.025441935744311195,3690,23.118132081627845,11.283924102783203,0.0003,0.7582240700721741,0.2041015625,0.2
479,19.582,40.19,759808,371,1585,-0.83215566650033,0.01635254,-0.021812141317059285,3700,31.150718596577644,8.60660171508789,0.0003,0.7971830368041992,0.181103515625,0.2
479,19.741,39.99,761856,372,1589,-0.5590317367576063,0.021593753,-0.021966483264259297,3710,16.594525104761125,3.4086318016052246,0.0003,0.3005620241165161,0.16484375,0.2
479,16.767999999999997,45.61,763904,373,1593,-0.819746389426291,0.018314846,-0.019673529302235693,3720,16.250592975318433,8.06190299987793,0.0003,0.7717360258102417,0.170947265625,0.2
479,17.165,44.73,765952,374,1598,-0.6903690155595541,0.01928858,-0.019400489485997242,3730,19.28504445850849,6.1989288330078125,0.0003,0.7540334463119507,0.159033203125,0.2
479,15.506000000000002,48.07,768000,375,1602,-0.7200311621651053,0.019383628,-0.022562309581553565,3740,18.613166663050652,9.228493690490723,0.0003,0.8043420314788818,0.1623046875,0.2
479,16.201,47.03,770048,376,1606,-0.7641498988494277,0.01498645,-0.01836650844925316,3750,29.58944769203663,9.103719711303711,0.0003,0.7796770334243774,0.146533203125,0.2
479,15.595999999999998,47.89,772096,377,1611,-0.7777450172230601,0.01165868,-0.01702536345401313,3760,41.51189376711845,23.25370216369629,0.0003,0.803539514541626,0.121142578125,0.2
479,16.671999999999997,45.41,774144,378,1615,-0.8039280256256461,0.016352378,-0.015823345760873055,3770,30.496354416012764,8.806187629699707,0.0003,0.7977458238601685,0.150439453125,0.2
479,19.599,40.0,776192,379,1620,-0.730628733150661,0.017214008,-0.02100924989208579,3780,28.81144873648882,11.021896362304688,0.0003,0.6961984634399414,0.150537109375,0.2
478,16.882999999999996,46.19,778240,380,1625,-0.6680961428210139,0.020376988,-0.01977598118246533,3790,17.609856414794923,7.0840959548950195,0.0003,0.47979217767715454,0.18291015625,0.2
478,15.507,48.76,780288,381,1629,-0.8041850233450532,0.023750547,-0.024259028991218658,3800,13.980586569011212,4.872350692749023,0.0003,0.6700311899185181,0.215380859375,0.2
478,13.665000000000003,51.22,782336,382,1634,-0.7444354115054012,0.024310742,-0.028418590789078733,3810,17.29483167976141,4.571034908294678,0.0003,0.6879174709320068,0.2033203125,0.2
478,12.543999999999999,53.05,784384,383,1639,-0.7644863745197654,0.020823559,-0.018790799917769618,3820,16.67856828570366,4.629697799682617,0.0003,0.6073373556137085,0.176611328125,0.2
478,12.245999999999999,53.86,786432,384,1644,-0.8677163394168019,0.016102124,-0.022273493834654802,3830,20.25897318124771,10.162327766418457,0.0003,0.709764838218689,0.169140625,0.2
478,8.967000000000002,60.18,788480,385,1649,-0.778868861310184,0.02050979,-0.01814377538394183,3840,23.997983598709105,6.435102462768555,0.0003,0.6811116933822632,0.17216796875,0.2
478,13.638,51.53,790528,386,1652,-0.8394200017675757,0.019607553,-0.019581248426402454,3850,21.616146698594093,9.2256498336792,0.0003,0.6991678476333618,0.167529296875,0.2
478,14.408,49.47,792576,387,1655,-0.7513860825449228,0.0154326,-0.021852786219096743,3860,26.660974618792533,14.475735664367676,0.0003,0.6586480736732483,0.16435546875,0.2
478,18.918,41.47,794624,388,1659,-0.7299991894513369,0.019583365,-0.0177959522799938,3870,25.541912296414374,10.303832054138184,0.0003,0.6601715683937073,0.15048828125,0.2
479,21.274999999999995,37.78,796672,389,1662,-0.5793453130871058,0.013099859,-0.018172555975615977,3880,16.933701086044312,5.346582412719727,0.0003,0.7308716773986816,0.13330078125,0.2
478,19.875000000000004,40.63,798720,390,1667,-0.6482412461191416,0.021009613,-0.023407788960321342,3890,18.86601409316063,4.530410289764404,0.0003,0.4764009714126587,0.17763671875,0.2
478,19.203999999999997,41.62,800768,391,1672,-0.6758542034775019,0.018884728,-0.020696284520090556,3900,15.633181640505791,5.856749057769775,0.0003,0.5701236724853516,0.1626953125,0.2
478,15.387999999999998,48.43,802816,392,1676,-0.7301455933600665,0.024000838,-0.01744689008919522,3910,15.070117937028408,5.651295185089111,0.0003,0.6573621034622192,0.184423828125,0.2
478,13.710999999999999,50.74,804864,393,1681,-0.7504591461271047,0.02193684,-0.02170767654897645,3920,20.095885571837425,4.947880268096924,0.0003,0.5830854177474976,0.171630859375,0.2
478,17.947,42.7,806912,394,1685,-0.7396120544523,0.022419892,-0.024402373007615098,3930,14.512211538851261,5.85645866394043,0.0003,0.6637588739395142,0.1876953125,0.2
478,20.555,38.73,808960,395,1689,-0.6576284829527139,0.0144428145,-0.01750281346467091,3940,19.083797785639764,8.440403938293457,0.0003,0.7486904263496399,0.1470703125,0.2
478,17.253,44.87,811008,396,1694,-0.6103372403420508,0.017659938,-0.022951916679448913,3950,16.531639394164085,4.398743152618408,0.0003,0.6860430836677551,0.145751953125,0.2
478,17.935,43.29,813056,397,1699,-0.8608603678643704,0.020604385,-0.01827230900671566,3960,18.5405956864357,7.683957099914551,0.0003,0.802147626876831,0.17998046875,0.2
478,19.348,39.22,815104,398,1703,-0.611970551777631,0.020445447,-0.021495160881022456,3970,12.542119983583689,4.7407073974609375,0.0003,0.7747189998626709,0.163720703125,0.2
478,16.293000000000003,44.48,817152,399,1708,-0.7786425650119781,0.017740574,-0.013329210063966456,3980,15.83561169207096,5.959686279296875,0.0003,0.6386775970458984,0.160791015625,0.2
478,17.113999999999997,45.02,819200,400,1712,-0.7117331812158227,0.024935458,-0.02958737966237095,3990,10.994824621081353,3.2208337783813477,0.0003,0.47047245502471924,0.211279296875,0.2
478,15.759,48.55,821248,401,1717,-0.7958330050110817,0.022895075,-0.0260204361169599,4000,14.931605157256126,4.286592483520508,0.0003,0.7618678212165833,0.187255859375,0.2
478,14.225999999999999,50.58,823296,402,1721,-0.7732148246839643,0.019298274,-0.025569341341906693,4010,19.121459802985193,3.07265305519104,0.0003,0.7989174723625183,0.19091796875,0.2
478,15.921000000000001,46.91,825344,403,1725,-0.787835706397891,0.014921547,-0.02260902716225246,4020,23.52431470155716,8.996251106262207,0.0003,0.8094531297683716,0.168115234375,0.2
478,16.581,46.36,827392,404,1729,-0.748837616853416,0.016805045,-0.023072777532797774,4030,27.36652471125126,16.255985260009766,0.0003,0.7217408418655396,0.15595703125,0.2
478,16.869999999999997,44.89,829440,405,1734,-0.7324524929746985,0.014977981,-0.021890862076543272,4040,32.626221898198125,11.550527572631836,0.0003,0.6547656655311584,0.15185546875,0.2
478,16.748999999999995,45.24,831488,406,1738,-0.7445919705554843,0.017464422,-0.018711555683694314,4050,20.330426673591138,4.467255115509033,0.0003,0.713556170463562,0.161083984375,0.2
478,18.953,41.37,833536,407,1742,-0.7122358229011297,0.017283086,-0.016598253793199548,4060,23.31245592534542,9.593914985656738,0.0003,0.6580662727355957,0.160693359375,0.2
478,19.913,39.28,835584,408,1747,-0.6409601312130689,0.0154170515,-0.02467679650289938,4070,20.591681703925133,5.6600213050842285,0.0003,0.7135410308837891,0.162646484375,0.2
478,18.624,42.0,837632,409,1751,-0.6729883559048175,0.019657508,-0.024018877506023273,4080,18.324204201996327,7.733114242553711,0.0003,0.7120140790939331,0.173291015625,0.2
478,15.883000000000003,46.76,839680,410,1756,-0.7493356049060822,0.015671048,-0.018220973826828413,4090,26.84646646082401,13.35767650604248,0.0003,0.8273862600326538,0.14345703125,0.2
478,14.217,49.9,841728,411,1760,-0.8328046502545476,0.029256308,-0.020503997411287854,4100,31.857729730010032,10.97891616821289,0.0003,0.7065358757972717,0.18974609375,0.2
478,14.727,48.61,843776,412,1765,-0.6971187278628349,0.013632927,-0.018566644401289523,4110,40.76739926338196,19.06553077697754,0.0003,0.7852338552474976,0.1482421875,0.2
477,17.428999999999995,43.91,845824,413,1769,-0.7593293979763984,0.018780936,-0.020431784573884216,4120,43.314453336596486,17.396764755249023,0.0003,0.7921744585037231,0.153076171875,0.2
477,17.837000000000003,43.06,847872,414,1774,-0.7140688456594944,0.020694971,-0.01985633862641407,4130,31.880723479390145,14.704885482788086,0.0003,0.7497901916503906,0.175146484375,0.2
477,18.088,43.61,849920,415,1778,-0.7164673395454884,0.01586485,-0.018055678642122076,4140,31.07573422193527,11.758655548095703,0.0003,0.7156585454940796,0.1619140625,0.2
477,11.348000000000003,55.94,851968,416,1782,-0.7435174388810992,0.018399404,-0.015365501189080533,4150,30.392914667725563,10.080554962158203,0.0003,0.7486565709114075,0.142431640625,0.2
477,11.479000000000001,55.3,854016,417,1787,-0.921578643657267,0.018515373,-0.022916819849342573,4160,43.19524350166321,15.648520469665527,0.0003,0.7214952707290649,0.193359375,0.2
477,13.813999999999998,50.56,856064,418,1791,-0.7813257088884711,0.01769887,-0.022103355720173568,4170,32.45565136224032,9.593403816223145,0.0003,0.7773116827011108,0.180224609375,0.2
477,17.480999999999998,44.53,858112,419,1796,-0.7647196346893906,0.018705089,-0.020096929010469465,4180,34.28923736810684,9.244919776916504,0.0003,0.7872012853622437,0.160546875,0.2
477,16.858999999999998,45.7,860160,420,1800,-0.7526166217401624,0.015695117,-0.024567751625727396,4190,44.46064893603325,21.023361206054688,0.0003,0.7697194218635559,0.1662109375,0.2
477,15.039999999999997,48.51,862208,421,1805,-0.8116903729736805,0.01657433,-0.027936292080266868,4200,43.35111498236656,10.039462089538574,0.0003,0.7784268856048584,0.190673828125,0.2
477,17.399,43.65,864256,422,1809,-0.8053897153586149,0.02032077,-0.02162570236978354,4210,46.32220124304295,21.054065704345703,0.0003,0.7356131076812744,0.16337890625,0.2
477,22.790000000000006,33.8,866304,423,1813,-0.6843324799090624,0.018293265,-0.01859025679586921,4220,36.221818047761914,7.68981409072876,0.0003,0.7894134521484375,0.140673828125,0.2
477,19.885,40.02,868352,424,1818,-0.6154393514618277,0.018212307,-0.011892698156589176,4230,18.204250271618367,5.884876728057861,0.0003,0.5133116245269775,0.151123046875,0.2
477,18.334,43.39,870400,425,1823,-0.8071926545351744,0.023402456,-0.02820242173038423,4240,19.239533378183843,5.997406005859375,0.0003,0.7009873986244202,0.22197265625,0.2
477,18.647000000000002,42.3,872448,426,1828,-0.6918117249384522,0.014147598,-0.019535897023160942,4250,19.253879502415657,8.208529472351074,0.0003,0.7304134368896484,0.148876953125,0.2
477,17.93,43.17,874496,427,1831,-0.7560199225321412,0.018694274,-0.018721896343049594,4260,20.46938182413578,7.993561267852783,0.0003,0.7303219437599182,0.169384765625,0.2
477,18.249000000000002,42.41,876544,428,1834,-0.7041876498609781,0.018764306,-0.01975417271751212,4270,17.883437594771387,5.113821506500244,0.0003,0.7940768599510193,0.161328125,0.2
477,17.854,43.46,878592,429,1839,-0.6721777426078915,0.017573882,-0.023664953975821846,4280,20.411471340060235,7.319684028625488,0.0003,0.6853786706924438,0.165576171875,0.2
477,15.533000000000001,48.04,880640,430,1844,-0.7453696761280298,0.019750712,-0.020224824827164412,4290,18.419701570272444,4.85684061050415,0.0003,0.7419182062149048,0.18037109375,0.2
477,13.854999999999995,51.54,882688,431,1849,-0.8092827247455716,0.019664723,-0.024904176851850934,4300,19.362607611715795,7.688414573669434,0.0003,0.7429813742637634,0.199365234375,0.2
477,14.078999999999999,50.35,884736,432,1854,-0.7806800723075866,0.016725503,-0.018753049698716495,4310,27.13653806746006,15.450904846191406,0.0003,0.7732036709785461,0.16689453125,0.2
477,16.267000000000003,44.84,886784,433,1858,-0.7432018322870135,0.01985912,-0.024557300060405397,4320,19.76774531453848,7.5155744552612305,0.0003,0.7531769275665283,0.17119140625,0.2
476,19.104999999999997,40.01,888832,434,1863,-0.7739791095256805,0.017635765,-0.019689679220027755,4330,22.45458745211363,11.879961967468262,0.0003,0.7315032482147217,0.1896484375,0.2
476,19.816000000000003,39.27,890880,435,1868,-0.6339974795468152,0.021483524,-0.022386139078298582,4340,21.971273477375508,7.684074401855469,0.0003,0.7149322628974915,0.16240234375,0.2
476,18.881,41.51,892928,436,1873,-0.7197608515620232,0.01482427,-0.021665996433148392,4350,26.860048893094064,10.780561447143555,0.0003,0.7876928448677063,0.15078125,0.2
476,19.488000000000003,40.57,894976,437,1877,-0.6617816533893347,0.024088837,-0.021850357661605813,4360,22.852511829137804,7.6090264320373535,0.0003,0.7521980404853821,0.169677734375,0.2
476,18.158,42.86,897024,438,1882,-0.7005108850076794,0.015250597,-0.018215376960870343,4370,22.18873687386513,7.583503246307373,0.0003,0.7737227082252502,0.1544921875,0.2
476,17.215000000000003,43.61,899072,439,1887,-0.701974174194038,0.017032702,-0.021402935512014665,4380,19.443233221769333,7.971384048461914,0.0003,0.8252446055412292,0.1763671875,0.2
476,17.848000000000003,42.63,901120,440,1892,-0.7765096062794328,0.014010216,-0.018589289125520735,4390,23.6671901345253,4.725587844848633,0.0003,0.8102271556854248,0.163134765625,0.2
476,18.973000000000003,41.52,903168,441,1896,-0.7052373602986336,0.013710742,-0.021718018267711157,4400,29.620922005176546,5.330564022064209,0.0003,0.7522032260894775,0.14169921875,0.2
476,13.767999999999997,51.03,905216,442,1901,-0.7083122782409191,0.017115114,-0.023743584137992,4410,31.815121763944624,18.41869354248047,0.0003,0.7750982046127319,0.1455078125,0.2
475,15.947999999999997,47.21,907264,443,1906,-0.8377566196024417,0.021080302,-0.026462978142080828,4420,33.26542431712151,14.388450622558594,0.0003,0.8181576728820801,0.185107421875,0.2
475,19.855,39.85,909312,444,1911,-0.7035212844610215,0.016950104,-0.021862043839064427,4430,34.14195914566517,14.954693794250488,0.0003,0.8106470108032227,0.158935546875,0.2
475,15.143999999999998,48.09,911360,445,1915,-0.678718177229166,0.010345275,-0.018509092659223826,4440,52.69746943712234,15.159483909606934,0.0003,0.778663158416748,0.11298828125,0.2
475,15.246999999999998,47.74,913408,446,1920,-0.8113391956314444,0.016011825,-0.018779273360269143,4450,38.95825927853584,9.202235221862793,0.0003,0.7737703919410706,0.165771484375,0.2
475,15.373999999999999,47.69,915456,447,1925,-0.8173933221027255,0.011513559,-0.017736062686890364,4460,63.49581304192543,23.504066467285156,0.0003,0.8126420974731445,0.123681640625,0.2
475,18.065,43.19,917504,448,1929,-0.7389900196343661,0.0153642595,-0.018042929777584503,4470,43.70479355454445,18.86830711364746,0.0003,0.7621863484382629,0.13583984375,0.2
475,17.855999999999998,44.17,919552,449,1934,-0.694714012555778,0.016213061,-0.018676934440736658,4480,32.00972981601954,14.894638061523438,0.0003,0.7952187061309814,0.16806640625,0.2
475,17.910999999999998,44.46,921600,450,1939,-0.7550827974453569,0.019959949,-0.025923509627318708,4490,44.13356516957283,21.69236946105957,0.0003,0.7846531867980957,0.161083984375,0.2
475,20.123,39.8,923648,451,1943,-0.7217768432572484,0.012822614,-0.019443854500423186,4500,41.03385105729103,19.373472213745117,0.0003,0.7404025197029114,0.13515625,0.2
475,17.256999999999998,44.81,925696,452,1946,-0.7027992201969028,0.018929474,-0.020499392147758044,4510,21.86046066135168,5.19187593460083,0.0003,0.7775393724441528,0.170849609375,0.2
475,13.063999999999998,52.99,927744,453,1949,-0.8328526388853789,0.016079253,-0.021059617088758385,4520,37.10085481703281,17.976930618286133,0.0003,0.7819272875785828,0.14658203125,0.2
476,14.161,50.81,929792,454,1952,-0.8346183283254505,0.017734585,-0.021584731071197894,4530,47.576986610889435,19.50369644165039,0.0003,0.7864941358566284,0.1556640625,0.2
476,13.109000000000002,53.05,931840,455,1955,-0.7804938923567534,0.017472897,-0.019842706952476873,4540,40.552461004257204,14.215170860290527,0.0003,0.8148790597915649,0.15595703125,0.2
476,13.722999999999999,52.14,933888,456,1958,-0.8549318375065923,0.020605814,-0.026665212099032942,4550,35.604024881124495,14.41141414642334,0.0003,0.7761626243591309,0.197607421875,0.2
477,15.628999999999998,49.04,935936,457,1961,-0.7977678591385484,0.014340908,-0.020524706698779482,4560,53.95513519048691,31.51102066040039,0.0003,0.7306870222091675,0.153369140625,0.2
477,18.537,42.94,937984,458,1964,-0.7904815820977091,0.015691962,-0.026328160124830902,4570,43.689440461993215,21.564363479614258,0.0003,0.7879086136817932,0.173876953125,0.2
477,19.070999999999998,41.74,940032,459,1967,-0.6768510919064283,0.020731086,-0.0200822532424354,4580,26.732212597131728,7.752076625823975,0.0003,0.7284409999847412,0.1599609375,0.2
477,18.066000000000003,43.36,942080,460,1971,-0.7636983200907708,0.024568815,-0.01946178423531819,4590,22.634180903434753,7.9702043533325195,0.0003,0.693087637424469,0.2044921875,0.2
477,17.858999999999998,43.53,944128,461,1975,-0.6911192897707223,0.024777763,-0.024691896516014823,4600,21.544749031960965,7.125387668609619,0.0003,0.6486477851867676,0.19267578125,0.2
477,19.134,41.65,946176,462,1979,-0.7260271925479174,0.02057958,-0.020648331295524257,4610,17.91661306619644,4.8006272315979,0.0003,0.7212924957275391,0.191845703125,0.2
478,16.233,47.07,948224,463,1983,-0.70212138928473,0.023041055,-0.026422252334305084,4620,19.540854862332345,5.555931568145752,0.0003,0.7302258014678955,0.1806640625,0.2
478,13.553000000000003,52.08,950272,464,1987,-0.838312222622335,0.025918376,-0.02158405120280804,4630,17.212241089344026,4.791780471801758,0.0003,0.7739675641059875,0.205859375,0.2
477,12.479999999999997,53.18,952320,465,1992,-0.7648460909724235,0.014606932,-0.021268251561559738,4640,26.842205291986467,10.750040054321289,0.0003,0.7938125729560852,0.144482421875,0.2
477,11.919999999999998,54.37,954368,466,1997,-0.8120793543756009,0.016009903,-0.020319134613964708,4650,26.95426622480154,10.3878812789917,0.0003,0.7398455142974854,0.15068359375,0.2
477,10.322000000000001,57.87,956416,467,2001,-0.8559843715280294,0.01675571,-0.018485881701053586,4660,38.57233026921749,12.741456985473633,0.0003,0.8034622669219971,0.141748046875,0.2
477,16.465999999999998,46.52,958464,468,2006,-0.8249720875173807,0.015243236,-0.020262385363457723,4670,40.67329095602035,12.427230834960938,0.0003,0.7176108360290527,0.150537109375,0.2
477,21.315,36.98,960512,469,2010,-0.6605801040306687,0.019617049,-0.019762584584532304,4680,20.53058557510376,6.444244861602783,0.0003,0.7024559378623962,0.150634765625,0.2
477,19.799,40.38,962560,470,2015,-0.6937973190099,0.017291673,-0.025646131316898392,4690,29.027142164111137,11.468147277832031,0.0003,0.6732991933822632,0.1658203125,0.2
477,18.89,42.01,964608,471,2019,-0.7474855195730925,0.020189917,-0.02163709306914825,4700,18.56065253019333,4.264738082885742,0.0003,0.731463611125946,0.1623046875,0.2
477,16.731000000000005,44.68,966656,472,2024,-0.7125734644010663,0.022340383,-0.026408815784088803,4710,16.80118239670992,6.296678066253662,0.0003,0.6214109659194946,0.206982421875,0.2
477,16.733999999999998,44.84,968704,473,2028,-0.7698432942852378,0.029847678,-0.02389461040875176,4720,16.59179913252592,4.062199592590332,0.0003,0.6619800329208374,0.1876953125,0.2
477,13.736,50.21,970752,474,2033,-0.7456634266301989,0.017335877,-0.02712973997113295,4730,20.04428306221962,6.260254859924316,0.0003,0.5644433498382568,0.1896484375,0.2
477,14.787999999999997,49.17,972800,475,2037,-0.8005346665158868,0.021787379,-0.025702963596268093,4740,14.711074824631215,4.948599815368652,0.0003,0.7661654353141785,0.203466796875,0.2
477,17.778,43.35,974848,476,2042,-0.7379126526415348,0.02024296,-0.022312332986621185,4750,18.400412498414518,7.646089553833008,0.0003,0.7983217239379883,0.16455078125,0.2
477,14.952999999999998,48.72,976896,477,2046,-0.7374785887077451,0.016646381,-0.018559708117390984,4760,25.477292466163636,9.435833930969238,0.0003,0.6304553747177124,0.1330078125,0.2
477,17.422,44.23,978944,478,2051,-0.8274316349998116,0.022514258,-0.02175687775888946,4770,22.188625743985178,8.233806610107422,0.0003,0.7921795845031738,0.22041015625,0.2
477,15.131000000000002,48.59,980992,479,2055,-0.6837559973821044,0.016697846,-0.02468829878489487,4780,23.516953268647192,5.512029647827148,0.0003,0.7118851542472839,0.1623046875,0.2
477,15.373000000000001,48.41,983040,480,2058,-0.8896760135889054,0.0167978,-0.021881691899034196,4790,30.065365624427795,8.174588203430176,0.0003,0.6951206922531128,0.165283203125,0.2
477,16.549,45.68,985088,481,2062,-0.6801531681790948,0.02059019,-0.02093983857339481,4800,18.37321292459965,7.4673261642456055,0.0003,0.7604191899299622,0.16162109375,0.2
477,17.785999999999998,43.21,987136,482,2065,-0.7957249231636524,0.014883323,-0.01953286637290148,4810,28.399351343512535,8.12590217590332,0.0003,0.8107970952987671,0.15087890625,0.2
478,20.264,39.52,989184,483,2068,-0.6347317859530449,0.01592755,-0.02048274362896336,4820,29.085536131262778,7.673707962036133,0.0003,0.7877604365348816,0.130908203125,0.2
478,18.645000000000003,42.52,991232,484,2072,-0.6920231448486447,0.0125416005,-0.02067219981981907,4830,36.55262338221073,9.867542266845703,0.0003,0.7349745035171509,0.137939453125,0.2
478,17.352,44.54,993280,485,2076,-0.699460263364017,0.015590514,-0.021600094333552988,4840,31.133433744311333,8.582060813903809,0.0003,0.7656798362731934,0.1423828125,0.2
478,18.947,41.43,995328,486,2081,-0.7354850681498647,0.02550892,-0.025439787331561093,4850,21.45968041718006,5.275020122528076,0.0003,0.7748245596885681,0.1857421875,0.2
478,19.35,39.98,997376,487,2085,-0.6334463578648866,0.018619847,-0.018380589519074418,4860,20.99888356477022,6.758604049682617,0.0003,0.5102365612983704,0.14970703125,0.2
478,18.561,41.54,999424,488,2090,-0.7048369850963354,0.02225017,-0.02769547461793991,4870,17.539768053591253,9.838045120239258,0.0003,0.6670420169830322,0.20498046875,0.2
477,18.972,41.44,1001472,489,2095,-0.6576590290293097,0.02039866,-0.021398267068434507,4880,15.071539267897606,5.1337385177612305,0.0003,0.5382142066955566,0.186376953125,0.2
