rollout/ep_len_mean,time/total_timesteps,rollout/ep_rew_mean,time/time_elapsed,time/iterations,time/fps,train/loss,train/learning_rate,train/clip_range,train/explained_variance,train/n_updates,train/policy_gradient_loss,train/approx_kl,train/value_loss,train/entropy_loss,train/clip_fraction
203.5,2048,31.779999999999994,3,1,669,,,,,,,,,,
237.88235294117646,4096,15.323529411764707,7,2,560,8.201225280761719,0.0003,0.2,0.8324430584907532,4910,-0.019678793668572326,0.016893025,22.183518254756926,-0.7595123952254653,0.18447265625
254.375,6144,5.745833333333333,11,3,539,3.792005777359009,0.0003,0.2,0.8898857831954956,4920,-0.020141299880924633,0.019218806,17.889842134714126,-0.8648847801610827,0.18896484375
239.02941176470588,8192,9.261764705882353,15,4,528,6.038778781890869,0.0003,0.2,0.9151415228843689,4930,-0.01768732504133368,0.023293484,20.485243824124336,-0.891230459138751,0.2111328125
241.41463414634146,10240,9.002439024390245,19,5,517,13.810912132263184,0.0003,0.2,0.8725107312202454,4940,-0.021682268781296442,0.022310965,41.92811226248741,-0.7666218221187592,0.171630859375
248.10416666666666,12288,6.383333333333334,24,6,511,3.002227783203125,0.0003,0.2,0.9162521362304688,4950,-0.020821440301369877,0.020752475,22.32363896071911,-0.8952961944043636,0.198193359375
243.98275862068965,14336,9.281034482758622,28,7,495,3.06266188621521,0.0003,0.2,0.9357444643974304,4960,-0.01664008673396893,0.01825374,24.10307959616184,-0.9096014516428113,0.193115234375
253.65625,16384,4.659375000000001,33,8,483,12.555808067321777,0.0003,0.2,0.909844696521759,4970,-0.01965235108655179,0.010762687,40.332357904314996,-0.7602800782769918,0.1310546875
259.38028169014086,18432,0.6154929577464795,38,9,482,5.686260223388672,0.0003,0.2,0.930139422416687,4980,-0.02263809986616252,0.022197574,21.353272964060306,-0.9657134415581823,0.227734375
261.05128205128204,20480,0.13461538461538433,42,10,482,10.431455612182617,0.0003,0.2,0.9148018956184387,4990,-0.015696893837593963,0.028011106,30.727589927613735,-0.9333656098693609,0.19814453125
256.4942528735632,22528,3.093103448275861,46,11,482,10.633524894714355,0.0003,0.2,0.8436518907546997,5000,-0.016604775849555154,0.012233434,59.111282685399054,-0.8695634685456752,0.142138671875
260.5744680851064,24576,1.3351063829787233,51,12,474,57.41530990600586,0.0003,0.2,0.8400548696517944,5010,-0.020333193679107353,0.011824181,91.22112337350845,-0.80144656971097,0.126611328125
260.4,26624,1.6989999999999998,56,13,474,18.136180877685547,0.0003,0.2,0.9139771461486816,5020,-0.021911442650889512,0.017322792,40.932366979122165,-0.9019491950049996,0.19482421875
265.63,28672,-0.9519999999999993,60,14,471,34.569725036621094,0.0003,0.2,0.8768022060394287,5030,-0.01646616516954964,0.0175942,69.11693274378777,-0.8850357517600059,0.17001953125
270.85,30720,-3.490000000000001,64,15,472,14.678879737854004,0.0003,0.2,0.8683674931526184,5040,-0.017806608906539623,0.018097918,58.594892877340314,-0.8936024580150843,0.172607421875
265.26,32768,-0.15499999999999983,70,16,467,6.661121845245361,0.0003,0.2,0.8696069121360779,5050,-0.022491059791354927,0.020652913,44.0177812308073,-0.9574764419347048,0.2251953125
274.43,34816,-4.717000000000001,74,17,466,39.63725662231445,0.0003,0.2,0.8263070583343506,5060,-0.016926797632186207,0.015982546,91.58148154616356,-0.8750695852562785,0.152197265625
279.17,36864,-5.496,78,18,468,27.851186752319336,0.0003,0.2,0.8653690814971924,5070,-0.020074492602725515,0.020808509,41.83903892040253,-0.9358638441190124,0.214111328125
275.43,38912,-3.420999999999999,82,19,468,6.0475077629089355,0.0003,0.2,0.9045950174331665,5080,-0.01872335488005774,0.024377842,42.88641290962696,-0.9672942273318768,0.237060546875
275.2,40960,-3.130000000000001,87,20,467,24.01332664489746,0.0003,0.2,0.8208813071250916,5090,-0.016575984298833647,0.010373417,88.99190827608109,-0.8819038597866893,0.138232421875
283.03,43008,-7.102999999999998,91,21,468,22.693462371826172,0.0003,0.2,0.8136451840400696,5100,-0.018754153708869126,0.015251092,87.53736636638641,-0.8758402608335019,0.173486328125
276.54,45056,-3.5159999999999996,96,22,468,16.070846557617188,0.0003,0.2,0.8360249400138855,5110,-0.01758282664377475,0.019389097,58.672102871537206,-0.8987506434321404,0.186279296875
277.05,47104,-3.179,100,23,469,27.28028678894043,0.0003,0.2,0.7902638912200928,5120,-0.022986769413182628,0.016468663,98.9606854379177,-0.917039648257196,0.190234375
280.96,49152,-4.7299999999999995,105,24,465,14.59091854095459,0.0003,0.2,0.775530993938446,5130,-0.015561110618364182,0.021260276,82.86255090832711,-0.9470135305076838,0.188916015625
285.57,51200,-7.007999999999998,109,25,465,41.514564514160156,0.0003,0.2,0.7793421745300293,5140,-0.014363497759040911,0.015580371,130.2582709491253,-0.9285676412284374,0.151318359375
290.06,53248,-10.380999999999997,114,26,465,56.60074996948242,0.0003,0.2,0.7844449877738953,5150,-0.019425240359123564,0.017871436,86.85554771721362,-0.9106865139678121,0.207958984375
290.32,55296,-10.364,118,27,465,29.712310791015625,0.0003,0.2,0.8832539916038513,5160,-0.017687230484443716,0.030341778,54.56990868747234,-0.9758139373734593,0.230126953125
286.96,57344,-8.192999999999998,123,28,466,41.570457458496094,0.0003,0.2,0.6926124095916748,5170,-0.01722361068241298,0.016070371,100.27628543376923,-0.8367022678256035,0.1353515625
291.02,59392,-9.941,127,29,466,31.718982696533203,0.0003,0.2,0.7305699586868286,5180,-0.01959470976726152,0.011740014,90.57498290538788,-0.9309980880469084,0.15341796875
288.86,61440,-9.199,131,30,467,35.37624740600586,0.0003,0.2,0.711491584777832,5190,-0.018744137868634426,0.018375909,71.52890290617943,-0.945496891066432,0.1845703125
288.35,63488,-8.769,135,31,468,63.7663688659668,0.0003,0.2,0.717930793762207,5200,-0.018082650493306575,0.016600735,89.90725876688957,-0.7706939306110143,0.138037109375
288.19,65536,-8.705,139,32,468,5.708671569824219,0.0003,0.2,0.7491227984428406,5210,-0.015766655826882924,0.024089195,54.178412553668025,-0.9451031070202589,0.229296875
289.68,67584,-9.216999999999999,144,33,468,14.563701629638672,0.0003,0.2,0.83385169506073,5220,-0.014190273522399367,0.023304386,28.371771343052387,-0.9134363096207381,0.267919921875
293.3,69632,-10.708999999999996,149,34,464,10.866182327270508,0.0003,0.2,0.7820433378219604,5230,-0.016430579306324945,0.018777007,72.66062951385975,-0.8493696581572294,0.17880859375
288.75,71680,-7.918000000000002,154,35,464,15.946212768554688,0.0003,0.2,0.727003276348114,5240,-0.0201322938373778,0.015499234,85.41470658183098,-0.8867002783343196,0.154296875
291.27,73728,-9.102,158,36,465,57.998714447021484,0.0003,0.2,0.697400689125061,5250,-0.016604400658252416,0.009243811,132.22707378864288,-0.8208189452067017,0.114599609375
295.2,75776,-10.777999999999999,162,37,465,25.688228607177734,0.0003,0.2,0.649432897567749,5260,-0.02355205031199148,0.015883569,82.5639641046524,-0.8474964229390025,0.168408203125
293.83,77824,-9.804,166,38,466,37.54487609863281,0.0003,0.2,0.6525225639343262,5270,-0.024668544786254642,0.022138093,48.52425611913204,-0.9364549856632948,0.262451171875
301.0,79872,-14.130999999999998,171,39,466,26.604103088378906,0.0003,0.2,0.6721434593200684,5280,-0.017080033922684378,0.016203111,95.71317723989486,-0.8803895633667708,0.172802734375
293.93,81920,-9.315,175,40,465,4.212411880493164,0.0003,0.2,0.8692173361778259,5290,-0.015375115678762086,0.054038264,21.406878945976494,-0.88379060998559,0.27431640625
295.07,83968,-9.896,180,41,465,71.44937133789062,0.0003,0.2,0.7579545378684998,5300,-0.011467898167029488,0.01251955,91.77257288694382,-0.8743656659498811,0.1400390625
297.42,86016,-11.069999999999999,185,42,464,14.04553508758545,0.0003,0.2,0.722398042678833,5310,-0.01616000801586779,0.015263621,105.4260588645935,-0.9549678167328238,0.164111328125
298.77,88064,-12.196000000000002,190,43,463,20.244409561157227,0.0003,0.2,0.7539075613021851,5320,-0.018079466755443717,0.013564062,67.97669402360916,-0.9324114989489317,0.145703125
293.26,90112,-9.333999999999996,194,44,464,37.83755874633789,0.0003,0.2,0.774718165397644,5330,-0.016848568667774087,0.013175301,100.51329700946808,-0.9312190163880587,0.145458984375
295.04,92160,-10.671000000000001,198,45,463,29.792236328125,0.0003,0.2,0.718755841255188,5340,-0.019053786231961568,0.013685005,145.65796246528626,-0.8845068890601396,0.153125
292.46,94208,-9.874,202,46,464,32.345672607421875,0.0003,0.2,0.7565282583236694,5350,-0.019362016652303284,0.021561451,85.18043967485428,-0.8999516194686293,0.188037109375
288.1,96256,-7.972,207,47,464,42.133811950683594,0.0003,0.2,0.7072188854217529,5360,-0.0247331542064785,0.014701575,87.14835304021835,-0.9259270034730435,0.1669921875
292.45,98304,-10.530999999999999,211,48,464,21.53231430053711,0.0003,0.2,0.7825677990913391,5370,-0.017319416200189154,0.014975978,60.282507666945456,-0.9071038004010916,0.181298828125
295.65,100352,-13.168,215,49,465,70.41404724121094,0.0003,0.2,0.8079181909561157,5380,-0.013616069591080304,0.022488097,58.21084590554237,-0.9309228079393506,0.1984375
303.88,102400,-17.625,220,50,464,21.849504470825195,0.0003,0.2,0.8949498534202576,5390,-0.021362806332763284,0.03172244,29.585747259110214,-1.0036965871229768,0.27890625
304.95,104448,-18.06,225,51,463,23.73920440673828,0.0003,0.2,0.9085975289344788,5400,-0.02107247063977411,0.020878911,36.51635378301144,-0.9683988654986024,0.224658203125
304.49,106496,-18.658999999999995,229,52,464,36.28337860107422,0.0003,0.2,0.7558125257492065,5410,-0.013666985401505372,0.013263276,113.62554844617844,-0.9882082713767886,0.14345703125
311.8,108544,-23.298000000000002,233,53,465,8.186923027038574,0.0003,0.2,0.9081072211265564,5420,-0.018090137256513115,0.030732436,35.88364927470684,-0.9275387628003955,0.225634765625
313.84,110592,-23.916999999999998,237,54,465,0.529654860496521,0.0003,0.2,0.9767684936523438,5430,-0.02214590061630588,0.05374254,4.859889447689056,-1.0330768732354045,0.334814453125
316.03,112640,-25.368,241,55,466,11.512640953063965,0.0003,0.2,0.9034842848777771,5440,-0.015755445344984763,0.024993595,47.658954698592424,-1.0231717221438885,0.243212890625
323.31,114688,-29.412,245,56,467,2.517815589904785,0.0003,0.2,0.9026494026184082,5450,-0.014129973221861292,0.018602027,55.49061365127564,-1.011383967474103,0.21533203125
326.15,116736,-32.05,249,57,467,0.6993298530578613,0.0003,0.2,0.9845800399780273,5460,-0.020257048640633,0.033985242,5.0287548042833805,-1.0443081129342318,0.294580078125
329.71,118784,-34.326,253,58,468,2.825751781463623,0.0003,0.2,0.8654606342315674,5470,-0.012464101854129694,0.012098681,42.73177770972252,-1.0325465559959413,0.19296875
337.52,120832,-38.389,257,59,468,60.973445892333984,0.0003,0.2,0.786908745765686,5480,-0.014081429406360257,0.008198351,104.67516111433505,-1.0369463559240102,0.132421875
343.57,122880,-42.391000000000005,262,60,468,9.828652381896973,0.0003,0.2,0.8687049150466919,5490,-0.02684799754060805,0.01862453,25.49880847632885,-1.0354036387056111,0.197216796875
347.94,124928,-44.70700000000001,266,61,468,0.49732181429862976,0.0003,0.2,0.96785569190979,5500,-0.03558242001308827,0.030442674,5.618717157840729,-1.0499455435201526,0.322998046875
354.48,126976,-47.853,270,62,469,51.24999237060547,0.0003,0.2,0.46050208806991577,5510,-0.0076474598856293595,0.0071621407,258.4785773396492,-0.9998821202665568,0.127978515625
360.2,129024,-51.001000000000005,274,63,470,27.689577102661133,0.0003,0.2,0.7019328474998474,5520,-0.02158860792114865,0.011832372,49.740648227930066,-1.0572427179664374,0.139306640625
364.6,131072,-54.651,278,64,470,50.8210563659668,0.0003,0.2,0.7633066177368164,5530,-0.017991520726354793,0.014653837,97.96968694627284,-1.0741502534598113,0.164599609375
371.71,133120,-58.24500000000001,282,65,470,12.711089134216309,0.0003,0.2,0.6676564812660217,5540,-0.022039352983119896,0.016346924,69.79083214402199,-1.0596508240327238,0.158447265625
376.42,135168,-62.648999999999994,287,66,470,36.39039611816406,0.0003,0.2,0.6725634336471558,5550,-0.015715180631377734,0.017299954,63.33425176441669,-1.0750479592010378,0.170751953125
375.52,137216,-61.65200000000001,292,67,469,4.780366897583008,0.0003,0.2,0.91786128282547,5560,-0.025315485424653162,0.032954715,10.752628526091575,-1.082864423468709,0.259619140625
375.35,139264,-61.83,296,68,469,42.6651611328125,0.0003,0.2,0.5233112573623657,5570,-0.014508665827452204,0.008913233,143.95778789520264,-1.0293393017724157,0.135107421875
373.24,141312,-60.692,300,69,469,21.59777069091797,0.0003,0.2,0.6060464382171631,5580,-0.017996306519489736,0.014564354,104.39785877466201,-1.0124499080702662,0.116064453125
376.73,143360,-62.60499999999999,304,70,470,67.97694396972656,0.0003,0.2,0.3967713713645935,5590,-0.017463228858832735,0.010810137,182.00454090833665,-1.026171269081533,0.1384765625
375.96,145408,-61.352,309,71,470,10.206137657165527,0.0003,0.2,0.6362873315811157,5600,-0.021013764078816166,0.016681788,69.5679677516222,-1.036179092153907,0.225244140625
370.64,147456,-58.20099999999999,313,72,470,8.344325065612793,0.0003,0.2,0.6601522564888,5610,-0.019545714301784756,0.023344813,69.85494544655084,-1.0369440626353026,0.2591796875
372.07,149504,-58.68199999999999,317,73,470,42.6452751159668,0.0003,0.2,0.46284377574920654,5620,-0.016134808800416067,0.009962611,176.20956298708916,-0.9828782141208648,0.119287109375
368.57,151552,-56.918,321,74,470,8.258113861083984,0.0003,0.2,0.6037936210632324,5630,-0.022981888004869687,0.027313542,78.69281083345413,-1.0392476653680205,0.253857421875
369.35,153600,-56.711999999999996,326,75,471,8.811366081237793,0.0003,0.2,0.567685604095459,5640,-0.014287098620843607,0.026467841,116.85685363411903,-0.9972170662134886,0.17275390625
365.48,155648,-54.574000000000005,330,76,471,95.343505859375,0.0003,0.2,0.7194972038269043,5650,-0.009446405197377317,0.026734807,65.47707894891501,-1.048890166543424,0.273388671875
365.48,157696,-54.348,334,77,471,73.21210479736328,0.0003,0.2,0.49840444326400757,5660,-0.013559971361246426,0.012499809,187.54320440292358,-0.9885416647419334,0.12666015625
365.48,159744,-54.22299999999999,338,78,471,6.27154541015625,0.0003,0.2,0.7630447745323181,5670,-0.021213790960609914,0.018285975,16.80874055325985,-1.0058611357584595,0.221142578125
370.2,161792,-56.854,343,79,471,2.6500720977783203,0.0003,0.2,0.9229705333709717,5680,-0.02597029051539721,0.024257794,10.917005397379398,-1.0506194775924087,0.25341796875
371.1,163840,-57.495,347,80,471,3.5207901000976562,0.0003,0.2,0.8711982369422913,5690,-0.018046687700552864,0.018549804,12.12216630578041,-1.041928563825786,0.168896484375
371.66,165888,-57.256000000000014,352,81,471,0.8959715366363525,0.0003,0.2,0.9528582096099854,5700,-0.021157335126190446,0.025164267,5.506458228453994,-1.016796371527016,0.27646484375
370.93,167936,-56.18500000000001,356,82,471,1.228858470916748,0.0003,0.2,0.9649990200996399,5710,-0.0245567078665772,0.02426762,5.145429002866149,-1.039162116870284,0.26640625
369.83,169984,-55.638000000000005,360,83,471,3.005821943283081,0.0003,0.2,0.7985081672668457,5720,-0.014510495623835596,0.020124877,51.90788439586758,-0.9601294817402959,0.241455078125
364.64,172032,-51.06700000000001,364,84,471,21.283601760864258,0.0003,0.2,0.7631230354309082,5730,-0.013800625775184016,0.012115052,85.18255678415298,-1.0626959815621375,0.17119140625
364.55,174080,-51.32499999999999,371,85,468,56.70069122314453,0.0003,0.2,0.5476913452148438,5740,-0.011322896134515759,0.006471061,220.8236492693424,-0.9465963453054428,0.06083984375
359.16,176128,-48.227,376,86,468,32.72333526611328,0.0003,0.2,0.5915899276733398,5750,-0.01338437114318367,0.010691749,160.5611088424921,-0.9793474039062857,0.11591796875
354.83,178176,-45.943000000000005,382,87,466,123.18125915527344,0.0003,0.2,0.4582529067993164,5760,-0.00889904484647559,0.0046609635,309.45268152952195,-0.9326119408011436,0.032177734375
353.32,180224,-46.411,387,88,465,140.06063842773438,0.0003,0.2,0.30906742811203003,5770,-0.010214722485397943,0.007540889,275.88843215703963,-0.9310943787917495,0.056591796875
349.05,182272,-45.379000000000005,393,89,463,27.44902992248535,0.0003,0.2,0.4062918424606323,5780,-0.016156644761940696,0.010626646,139.3615263402462,-0.9708746504038572,0.1044921875
349.76,184320,-45.648999999999994,397,90,463,130.9727325439453,0.0003,0.2,0.2911120653152466,5790,-0.017745845419267426,0.009977553,247.37327892780303,-0.919292263686657,0.123486328125
344.8,186368,-42.93,402,91,463,98.22306823730469,0.0003,0.2,0.4910496473312378,5800,-0.016923943766232696,0.013269419,135.42843253612517,-1.0189934477210045,0.189599609375
339.6,188416,-40.128,407,92,462,87.48565673828125,0.0003,0.2,0.4510497450828552,5810,-0.013857510751404335,0.014097668,181.69504551887513,-0.8875869482755661,0.13349609375
338.22,190464,-39.744,411,93,462,57.490787506103516,0.0003,0.2,0.1410982608795166,5820,-0.013330016574764158,0.0136183,154.73867571353912,-0.9331597788259387,0.125634765625
327.6,192512,-33.666000000000004,416,94,462,15.751006126403809,0.0003,0.2,0.5014015436172485,5830,-0.01601877997381962,0.0132415,65.73197099268437,-0.9727212192490697,0.161767578125
316.91,194560,-27.713999999999995,420,95,462,46.20319747924805,0.0003,0.2,0.26587480306625366,5840,-0.011071268815430812,0.0063419957,208.40355398654938,-0.8908607130870223,0.06123046875
313.26,196608,-25.482999999999993,425,96,462,64.36228942871094,0.0003,0.2,0.5817857980728149,5850,-0.015378695903928019,0.007943065,164.44841775894164,-0.8906255612149835,0.100341796875
311.12,198656,-23.285999999999998,430,97,461,39.49164962768555,0.0003,0.2,0.12214118242263794,5860,-0.020599572685023305,0.015513875,87.08663183450699,-0.9556172903627157,0.18779296875
303.26,200704,-18.715999999999998,435,98,460,31.294658660888672,0.0003,0.2,0.38027578592300415,5870,-0.01815910270088352,0.015798368,76.17258040308953,-0.9624758370220661,0.199609375
306.34,202752,-20.034000000000006,440,99,460,89.9656753540039,0.0003,0.2,0.24741369485855103,5880,-0.017973742289177606,0.0125301825,118.75227808356286,-0.9328423880040646,0.166015625
304.83,204800,-18.921000000000003,444,100,460,10.05221176147461,0.0003,0.2,0.3632851839065552,5890,-0.018988188340154012,0.025688935,38.59924138635397,-0.9832763919606805,0.28173828125
305.22,206848,-19.125999999999998,449,101,460,31.255395889282227,0.0003,0.2,0.4269981384277344,5900,-0.014994022280734497,0.013794916,106.54243589639664,-0.9099982619285584,0.174853515625
306.86,208896,-19.685,455,102,459,39.50003433227539,0.0003,0.2,0.43652957677841187,5910,-0.016077775586745703,0.009253995,123.27915741801262,-0.912823967076838,0.099755859375
305.09,210944,-17.420999999999996,460,103,458,12.934721946716309,0.0003,0.2,0.6591311693191528,5920,-0.014652847162506078,0.022201471,58.085852190852165,-0.9687951300293207,0.236962890625
307.14,212992,-17.717,465,104,457,16.418752670288086,0.0003,0.2,0.6116827726364136,5930,-0.016719176758488174,0.01083157,73.32040727734565,-0.964163021557033,0.130419921875
310.39,215040,-18.99,470,105,457,17.025169372558594,0.0003,0.2,0.7441424131393433,5940,-0.015483045506698545,0.011923266,61.21826753616333,-0.9439284093677998,0.13115234375
316.19,217088,-21.855,475,106,456,13.863531112670898,0.0003,0.2,0.7281152009963989,5950,-0.014302625208802055,0.010567301,34.91901460886002,-0.9751089446246624,0.137744140625
318.03,219136,-21.767000000000003,481,107,455,12.521138191223145,0.0003,0.2,0.777921199798584,5960,-0.022033964554429984,0.023065828,35.70868471264839,-1.0116325344890356,0.228076171875
318.83,221184,-21.385000000000005,487,108,454,10.58017635345459,0.0003,0.2,0.7064881324768066,5970,-0.017505686866934413,0.01191766,64.81644356548786,-0.9711336962878704,0.149267578125
318.53,223232,-21.215000000000003,492,109,453,33.57892608642578,0.0003,0.2,0.5560298562049866,5980,-0.014808629694744013,0.011817757,98.23785681128501,-0.9405793277546763,0.1208984375
322.27,225280,-23.052,499,110,450,51.134544372558594,0.0003,0.2,0.5748028755187988,5990,-0.016040861904912163,0.018439204,81.99712839722633,-0.9405432183295488,0.189892578125
326.64,227328,-24.581,506,111,448,31.415931701660156,0.0003,0.2,0.5413147211074829,6000,-0.018885835228138602,0.011864498,89.07901357710361,-0.9085206884890795,0.14306640625
326.86,229376,-24.923000000000005,512,112,447,41.447322845458984,0.0003,0.2,0.5784434080123901,6010,-0.01693661926110508,0.014108846,83.8824676156044,-0.9585260879248381,0.17265625
329.13,231424,-25.906,519,113,445,23.355255126953125,0.0003,0.2,0.4914718270301819,6020,-0.019767714868066832,0.016120415,57.55590431690216,-0.948778316564858,0.173681640625
330.06,233472,-27.861,524,114,444,12.34134292602539,0.0003,0.2,0.5293056964874268,6030,-0.017129817632667254,0.015540636,60.63248452544212,-0.968416529148817,0.1576171875
331.56,235520,-28.645000000000003,531,115,443,10.546162605285645,0.0003,0.2,0.6103568077087402,6040,-0.01647117783431895,0.014528818,73.83334289193154,-0.9243042023852468,0.17578125
332.11,237568,-29.011999999999997,538,116,441,29.613426208496094,0.0003,0.2,0.7098477482795715,6050,-0.015607320434355643,0.014082119,53.07764820456505,-0.9391332110390067,0.155126953125
340.0,239616,-33.429,544,117,440,23.1039981842041,0.0003,0.2,0.6447345018386841,6060,-0.017925083136651664,0.016283106,51.217532855272296,-0.9713461931794882,0.19501953125
342.3,241664,-35.723000000000006,548,118,440,33.39356994628906,0.0003,0.2,0.6974124908447266,6070,-0.013147285585000645,0.017419545,51.58405869603157,-0.9889537572860718,0.200390625
341.31,243712,-35.178,553,119,440,16.633621215820312,0.0003,0.2,0.7348160147666931,6080,-0.015171813884808216,0.01390326,30.525725010037423,-0.993798783235252,0.169921875
342.97,245760,-36.562,558,120,440,22.548606872558594,0.0003,0.2,0.5957925319671631,6090,-0.021514312841463833,0.015414072,69.54981169700622,-0.9710328446701169,0.21005859375
341.65,247808,-35.872,562,121,440,17.866392135620117,0.0003,0.2,0.5947479009628296,6100,-0.011905883331928635,0.025217596,50.56635191440582,-0.9567545186728239,0.225048828125
340.39,249856,-35.31100000000001,567,122,439,13.611584663391113,0.0003,0.2,0.7342721223831177,6110,-0.012709947050461778,0.02622074,27.882675825059415,-0.9630420269444585,0.2583984375
339.85,251904,-36.001,573,123,439,42.712886810302734,0.0003,0.2,0.7281242609024048,6120,-0.01792865526076639,0.015200656,51.14926875680685,-0.9708802638575434,0.190576171875
338.09,253952,-35.531,578,124,439,16.82926368713379,0.0003,0.2,0.7616438865661621,6130,-0.0164559506738442,0.026459062,27.811454013735055,-0.9558499436825514,0.269482421875
339.08,256000,-36.507,583,125,438,57.20755386352539,0.0003,0.2,0.7136468887329102,6140,-0.01862213848216925,0.02100828,74.91626314520836,-0.8950257955119014,0.194287109375
332.18,258048,-34.425,589,126,438,41.54523849487305,0.0003,0.2,0.7073167562484741,6150,-0.009927099825290497,0.012508136,88.48585683107376,-0.9090492054820061,0.122119140625
332.93,260096,-35.393,594,127,437,28.70009422302246,0.0003,0.2,0.5354353189468384,6160,-0.010969685204327107,0.009120271,134.0692860007286,-0.8343993572518229,0.076123046875
335.14,262144,-38.967,600,128,436,7.710832595825195,0.0003,0.2,0.5741114616394043,6170,-0.017706827641814016,0.020470288,22.506427800655366,-0.9723164819180965,0.237255859375
336.53,264192,-40.02400000000001,607,129,434,5.807125091552734,0.0003,0.2,0.8850741386413574,6180,-0.013780878296529409,0.027725998,20.491883923113345,-1.0321587990969419,0.31064453125
338.47,266240,-39.721,616,130,431,5.859602451324463,0.0003,0.2,0.8459805846214294,6190,-0.016228212713031098,0.03723873,20.740109832584857,-0.9950778616592288,0.250634765625
344.7,268288,-43.26200000000001,622,131,431,3.2954492568969727,0.0003,0.2,0.7762676477432251,6200,-0.023189685863326304,0.026178157,17.04972133040428,-1.0045903041958808,0.24580078125
344.49,270336,-43.078,628,132,430,3.680527925491333,0.0003,0.2,0.7606099843978882,6210,-0.011729259046842345,0.012770027,42.14720856696367,-1.0333683457225562,0.165234375
347.72,272384,-44.542,635,133,428,15.662801742553711,0.0003,0.2,0.7813661694526672,6220,-0.013034208757744636,0.009739356,46.69117637276649,-0.9887128742411733,0.105615234375
342.03,274432,-41.023,641,134,427,5.400557994842529,0.0003,0.2,0.7940295934677124,6230,-0.013210806489223615,0.018400948,13.746571393311024,-1.0333182951435447,0.256689453125
342.37,276480,-41.089,647,135,427,19.959239959716797,0.0003,0.2,0.6938734650611877,6240,-0.01965876777539961,0.015074937,56.269429594278336,-0.9516403479501605,0.12939453125
340.67,278528,-39.525,651,136,427,10.92740535736084,0.0003,0.2,0.7165590524673462,6250,-0.0175084274582332,0.022125745,57.90144474953413,-0.9807197565212846,0.205859375
343.11,280576,-40.98,657,137,426,19.73639678955078,0.0003,0.2,0.5030009746551514,6260,-0.022990612566354686,0.013544481,124.96990619301796,-0.9879737013950944,0.159765625
343.11,282624,-41.025999999999996,661,138,426,7.711977958679199,0.0003,0.2,0.768801748752594,6270,-0.016458318945660723,0.020880882,34.34821909070015,-0.9555601881816983,0.186474609375
343.23,284672,-41.101000000000006,666,139,426,6.772937297821045,0.0003,0.2,0.6748721599578857,6280,-0.017756191180524183,0.012127218,32.01971614360809,-1.0078443566337227,0.15263671875
336.19,286720,-36.714000000000006,671,140,427,8.437939643859863,0.0003,0.2,0.7732375860214233,6290,-0.013686334605154116,0.014587024,33.09181144833565,-0.9781628128141164,0.17314453125
338.87,288768,-38.330999999999996,676,141,426,39.50496292114258,0.0003,0.2,0.5839372873306274,6300,-0.011464273276214954,0.008105315,122.30406747460366,-0.891606168448925,0.0697265625
344.72,290816,-41.518,681,142,426,12.679830551147461,0.0003,0.2,0.7911007404327393,6310,-0.011633438109129202,0.011429403,37.97746321558952,-0.9960730591788888,0.13095703125
348.74,292864,-42.137,686,143,426,20.157222747802734,0.0003,0.2,0.7470648288726807,6320,-0.020113489843788558,0.016497828,60.22588994204998,-0.9461527647450566,0.166357421875
349.71,294912,-42.261,692,144,426,26.968303680419922,0.0003,0.2,0.6879135966300964,6330,-0.014551318054145668,0.012954222,68.85056473612785,-0.9885925343260169,0.1310546875
346.22,296960,-38.373,697,145,425,42.869834899902344,0.0003,0.2,0.7051336765289307,6340,-0.01484036564361304,0.018457154,69.76389807462692,-1.0440420616418122,0.212841796875
346.61,299008,-39.003,702,146,425,94.34918212890625,0.0003,0.2,0.6990487575531006,6350,-0.012285701381915714,0.01330526,83.12460504174233,-0.9282820681110024,0.147900390625
346.21,301056,-40.493,707,147,425,16.140846252441406,0.0003,0.2,0.6440699100494385,6360,-0.020599949231836945,0.032147504,62.48204055428505,-1.015993037633598,0.2666015625
343.9,303104,-39.278,713,148,424,7.796945571899414,0.0003,0.2,0.726099967956543,6370,-0.015387218854448293,0.022174723,38.84377874433994,-1.0132535038515926,0.265185546875
347.99,305152,-43.04999999999999,719,149,424,10.613910675048828,0.0003,0.2,0.7078450322151184,6380,-0.017407454675412735,0.019000914,72.73208653032779,-0.9786311253905297,0.245654296875
345.31,307200,-42.523999999999994,724,150,424,1.5469608306884766,0.0003,0.2,0.9350132942199707,6390,-0.010530464605108137,0.03445978,6.772691867500543,-1.0032475193962456,0.3341796875
350.02,309248,-44.74099999999999,729,151,423,15.474268913269043,0.0003,0.2,0.7579942941665649,6400,-0.01447256085666595,0.015592873,55.35921364873648,-0.9865409011021257,0.1669921875
348.73,311296,-44.77000000000001,735,152,423,20.837533950805664,0.0003,0.2,0.6105860471725464,6410,-0.016858561485423706,0.012061747,71.66098826229572,-0.9679580798372627,0.14375
349.51,313344,-45.528999999999996,740,153,423,8.377457618713379,0.0003,0.2,0.8198891878128052,6420,-0.014693524687027093,0.024758697,39.069211532175544,-0.9346457773819565,0.182275390625
351.72,315392,-46.871999999999986,746,154,422,47.96205139160156,0.0003,0.2,0.6813918948173523,6430,-0.017499959853012115,0.019498542,94.45227720737458,-0.9745361693203449,0.1798828125
344.76,317440,-43.545,752,155,421,2.561293125152588,0.0003,0.2,0.8074669241905212,6440,-0.015632106103294064,0.018452872,47.14927214458585,-0.9878364661708474,0.22080078125
343.39,319488,-42.782999999999994,759,156,420,3.5500030517578125,0.0003,0.2,0.7184004187583923,6450,-0.015631517220754176,0.0096680615,108.4413520410657,-0.90542246196419,0.12255859375
346.86,321536,-44.57900000000001,765,157,420,18.663591384887695,0.0003,0.2,0.6483665704727173,6460,-0.013777396720252,0.007385591,135.16078029870988,-0.9363940708339215,0.09189453125
347.88,323584,-45.443000000000005,769,158,420,25.373815536499023,0.0003,0.2,0.658137857913971,6470,-0.008874146023299546,0.004869871,159.08886620402336,-0.9049621662124991,0.037451171875
348.28,325632,-45.89900000000001,774,159,420,22.618854522705078,0.0003,0.2,0.8163895606994629,6480,-0.015305692773108604,0.0168041,45.47127440571785,-0.9669915717095137,0.144091796875
349.3,327680,-46.602000000000004,779,160,420,40.876644134521484,0.0003,0.2,0.7174460291862488,6490,-0.01211536756309215,0.012059637,95.50952623784542,-0.927999009564519,0.142138671875
347.98,329728,-46.513000000000005,784,161,420,33.46112823486328,0.0003,0.2,0.6700134873390198,6500,-0.013326196831621928,0.010717019,99.49737482368946,-0.9670865463092924,0.14609375
345.61,331776,-44.635,789,162,420,19.42730140686035,0.0003,0.2,0.5326640009880066,6510,-0.01699398070195457,0.012827562,85.22832508087158,-0.9680429151281714,0.171337890625
341.88,333824,-40.190000000000005,794,163,420,38.31331253051758,0.0003,0.2,0.4496503472328186,6520,-0.013348424466676079,0.0068672104,214.47966386079787,-0.872780940681696,0.078369140625
337.29,335872,-38.151999999999994,798,164,420,48.335113525390625,0.0003,0.2,0.6145895719528198,6530,-0.013796539628674508,0.007574876,122.47673406004905,-0.8928886512294412,0.0845703125
335.71,337920,-35.83,803,165,420,64.69559478759766,0.0003,0.2,0.4822797179222107,6540,-0.01904059337248327,0.015927892,134.02446858882905,-0.9063834998756647,0.169677734375
326.29,339968,-30.281000000000002,808,166,420,27.097545623779297,0.0003,0.2,0.5433456897735596,6550,-0.013879308493778808,0.01169579,112.01117362380027,-0.9480812491849064,0.130615234375
325.43,342016,-29.688000000000002,812,167,420,73.77967834472656,0.0003,0.2,0.4263305068016052,6560,-0.01806085044372594,0.008826921,223.49699360132217,-0.8446846460923553,0.101953125
318.11,344064,-25.588,816,168,421,21.175750732421875,0.0003,0.2,0.30827808380126953,6570,-0.018795408464211506,0.023407407,63.9312770485878,-0.9179856257513166,0.224853515625
315.27,346112,-23.94,821,169,421,91.39212036132812,0.0003,0.2,0.3162913918495178,6580,-0.014102547178481473,0.010645298,146.48243144750595,-0.8468252897262574,0.11083984375
316.58,348160,-23.795,826,170,421,67.5589370727539,0.0003,0.2,0.42363405227661133,6590,-0.015462757715431508,0.011059495,109.91238857507706,-0.9141640800982713,0.12197265625
316.8,350208,-23.374999999999996,831,171,421,42.71712875366211,0.0003,0.2,0.42230528593063354,6600,-0.021555326961970423,0.015203698,85.03410184383392,-0.8923815958201885,0.178955078125
317.97,352256,-24.087999999999997,835,172,421,23.683639526367188,0.0003,0.2,0.473311185836792,6610,-0.014829367402126082,0.02546295,49.98475587964058,-0.9553553627803921,0.17880859375
311.88,354304,-20.721999999999998,839,173,421,34.19990158081055,0.0003,0.2,0.5216838121414185,6620,-0.01706072754022898,0.0135419555,80.56368336975575,-0.8797838548198342,0.149853515625
313.21,356352,-20.651999999999997,845,174,421,76.60782623291016,0.0003,0.2,0.4970516562461853,6630,-0.018136660738673527,0.013885666,119.21471668481827,-0.8870309943333268,0.140380859375
312.15,358400,-19.801000000000002,849,175,422,16.30267906188965,0.0003,0.2,0.570959210395813,6640,-0.012752823370101396,0.02664108,33.7754533931613,-0.9683605236932635,0.279931640625
308.41,360448,-17.67,856,176,420,44.5063591003418,0.0003,0.2,0.6700438261032104,6650,-0.022868636975181288,0.024428248,50.1034698843956,-0.9490380762144923,0.24970703125
310.8,362496,-19.308,861,177,420,14.88228988647461,0.0003,0.2,0.6234657764434814,6660,-0.016093091161746998,0.010978851,102.74009701013566,-0.898932539485395,0.1396484375
313.38,364544,-20.444,869,178,419,38.06861114501953,0.0003,0.2,0.6269781589508057,6670,-0.02070057757664472,0.016322361,87.30840297937394,-0.9786769166588783,0.178466796875
309.04,366592,-17.892,875,179,418,45.46644592285156,0.0003,0.2,0.6363886594772339,6680,-0.01969266237283591,0.016962372,88.6772834956646,-0.9717442058026791,0.21474609375
311.08,368640,-18.892000000000003,881,180,418,19.772201538085938,0.0003,0.2,0.6605727672576904,6690,-0.01295686176599702,0.018243076,87.51593768298626,-0.9270999306812883,0.183544921875
315.0,370688,-20.972,886,181,418,15.588403701782227,0.0003,0.2,0.4217031002044678,6700,-0.009684991909307428,0.015934274,92.36048945188523,-0.9409153312444687,0.17099609375
314.33,372736,-20.78,892,182,417,39.314544677734375,0.0003,0.2,0.7590038776397705,6710,-0.021890058137068992,0.026773795,55.59904559254646,-0.9578168861567974,0.27646484375
314.47,374784,-20.139,899,183,416,70.89974975585938,0.0003,0.2,0.7322945594787598,6720,-0.016963637224398552,0.014653619,101.77125909924507,-0.9082289347425103,0.2044921875
313.43,376832,-19.276,906,184,415,32.651573181152344,0.0003,0.2,0.6611301898956299,6730,-0.014814621803816408,0.013387345,101.54100416898727,-0.9436058338731528,0.154931640625
312.09,378880,-19.187,914,185,414,37.643470764160156,0.0003,0.2,0.5710660219192505,6740,-0.02162301369535271,0.013235277,90.39720423221588,-0.926220640540123,0.139013671875
314.47,380928,-20.846,921,186,413,34.636226654052734,0.0003,0.2,0.6977167725563049,6750,-0.01851368132774951,0.011658335,77.56960452795029,-0.8914092522114515,0.124658203125
315.85,382976,-23.585999999999995,927,187,413,3.369852304458618,0.0003,0.2,0.7373692989349365,6760,-0.019102368016319815,0.022974232,32.54197844415903,-0.974172686971724,0.2626953125
314.69,385024,-23.442000000000004,931,188,413,18.494380950927734,0.0003,0.2,0.8707390427589417,6770,-0.011721939583367202,0.041601904,22.896599996834993,-0.9593733787536621,0.269140625
312.84,387072,-22.678999999999995,935,189,413,70.26423645019531,0.0003,0.2,0.6782088279724121,6780,-0.01400254616746679,0.010045124,132.5196651518345,-0.8625553105026483,0.127734375
308.32,389120,-20.06,941,190,413,21.291637420654297,0.0003,0.2,0.8450025916099548,6790,-0.020847998118551914,0.01580317,46.829608005285266,-0.9533473271876574,0.17470703125
307.73,391168,-21.139999999999997,947,191,412,50.31820297241211,0.0003,0.2,0.6495321989059448,6800,-0.020877571527671536,0.010805691,121.20049247741699,-0.9231866193935275,0.13583984375
303.18,393216,-18.906000000000002,951,192,413,77.60613250732422,0.0003,0.2,0.6165040731430054,6810,-0.013837927654094528,0.011447471,89.4833903491497,-0.8381103986874223,0.097607421875
299.11,395264,-17.269000000000002,957,193,412,18.52936553955078,0.0003,0.2,0.7435941100120544,6820,-0.01583688979735598,0.013338662,82.5299196600914,-0.9111154457554221,0.12119140625
294.36,397312,-15.208999999999996,963,194,412,39.79299545288086,0.0003,0.2,0.7086441516876221,6830,-0.015913827715849038,0.0137663465,110.98070420622825,-0.9067437399178744,0.14990234375
290.89,399360,-14.218999999999996,968,195,412,69.22352600097656,0.0003,0.2,0.5395067930221558,6840,-0.015873129785177298,0.013108905,129.577474462986,-0.8086419556289911,0.111572265625
289.15,401408,-13.139000000000001,974,196,411,21.771394729614258,0.0003,0.2,0.46539145708084106,6850,-0.020011852822790388,0.026743745,75.45379962921143,-0.8899394910782575,0.181884765625
287.55,403456,-13.469,981,197,411,22.762449264526367,0.0003,0.2,0.6347439289093018,6860,-0.018668276011885608,0.012962935,75.91160691976548,-0.8577064938843251,0.158935546875
291.16,405504,-15.746999999999998,987,198,410,16.973726272583008,0.0003,0.2,0.6873103380203247,6870,-0.016152115880686324,0.0317669,62.2968062788248,-0.8389325873926282,0.216064453125
289.89,407552,-15.215999999999998,993,199,410,9.195276260375977,0.0003,0.2,0.7948691248893738,6880,-0.02067617597276694,0.027481712,29.497816182672977,-0.9019451262429357,0.21630859375
291.44,409600,-17.513,1001,200,409,25.582679748535156,0.0003,0.2,0.77718585729599,6890,-0.010154674446675926,0.019094449,49.717301496863364,-0.9512649437412619,0.19501953125
287.1,411648,-13.373999999999999,1009,201,407,11.853525161743164,0.0003,0.2,0.7737069129943848,6900,-0.017762654162652325,0.018668853,65.97217401266099,-0.9356285547837615,0.155908203125
290.14,413696,-14.668000000000001,1015,202,407,9.567549705505371,0.0003,0.2,0.7896831035614014,6910,-0.01947360314807156,0.01714914,43.35233521461487,-0.9393984885886312,0.197412109375
289.97,415744,-14.307,1021,203,407,20.31806182861328,0.0003,0.2,0.7714802026748657,6920,-0.016775951148883906,0.011023182,88.18604912757874,-0.8823245896026493,0.136572265625
293.52,417792,-16.625999999999998,1027,204,406,24.56609344482422,0.0003,0.2,0.8088509440422058,6930,-0.0168737121297454,0.017437577,58.73180370032787,-0.9433810310438275,0.189453125
290.16,419840,-13.583,1033,205,406,21.38900375366211,0.0003,0.2,0.7920776605606079,6940,-0.014420982074807399,0.017675163,71.62401056587696,-0.8943137416616083,0.1765625
291.94,421888,-14.229000000000001,1038,206,406,25.328571319580078,0.0003,0.2,0.7060331702232361,6950,-0.016081467705953402,0.009061663,114.85874232649803,-0.8010490871965885,0.09677734375
294.71,423936,-15.35,1043,207,406,12.75425910949707,0.0003,0.2,0.6607726812362671,6960,-0.012903633854875807,0.012125755,65.47116341590882,-0.8613784737884999,0.133935546875
298.7,425984,-17.368000000000002,1049,208,405,33.34831237792969,0.0003,0.2,0.7219918370246887,6970,-0.01562883898586733,0.009263001,80.46069658994675,-0.9217217935249209,0.115380859375
296.82,428032,-15.115,1055,209,405,18.767169952392578,0.0003,0.2,0.6186907291412354,6980,-0.012102630324079655,0.008661706,93.80919115543365,-0.8452342409640551,0.0888671875
297.34,430080,-15.273000000000001,1059,210,405,55.00044631958008,0.0003,0.2,0.704373836517334,6990,-0.018433650166844017,0.015904441,78.965841203928,-0.8947512026876211,0.168505859375
301.24,432128,-19.237000000000002,1064,211,405,39.38133239746094,0.0003,0.2,0.5925006866455078,7000,-0.016120974156365264,0.011502413,105.94636672139168,-0.8283349022269249,0.135498046875
294.99,434176,-15.02,1069,212,405,21.728187561035156,0.0003,0.2,0.7234465479850769,7010,-0.013227553414253634,0.018436983,59.232513037323955,-0.9877246551215648,0.21044921875
290.51,436224,-12.353,1076,213,405,36.05664825439453,0.0003,0.2,0.6242234706878662,7020,-0.0139500916848192,0.009433107,84.82298228740692,-0.8370222387835383,0.10166015625
287.25,438272,-9.396999999999998,1081,214,405,14.973644256591797,0.0003,0.2,0.6297188997268677,7030,-0.014845032278390135,0.011639868,66.31690412163735,-0.8253226034343243,0.098876953125
285.26,440320,-8.344,1087,215,404,14.687292098999023,0.0003,0.2,0.6867858171463013,7040,-0.015585278623620979,0.012402769,78.80481913089753,-0.863372889906168,0.139794921875
282.38,442368,-6.5360000000000005,1093,216,404,21.722055435180664,0.0003,0.2,0.7261897921562195,7050,-0.015462308954738546,0.01134699,56.70747163295746,-0.8770647427067161,0.1361328125
282.26,444416,-8.54,1099,217,404,49.98549270629883,0.0003,0.2,0.669468879699707,7060,-0.015925739660451653,0.009761754,100.93404716849327,-0.8023553520441056,0.105419921875
283.87,446464,-9.117,1105,218,403,10.393210411071777,0.0003,0.2,0.756614089012146,7070,-0.012935954850399866,0.03204339,30.84244810938835,-0.9571461927145719,0.241162109375
293.55,448512,-13.795,1111,219,403,13.543509483337402,0.0003,0.2,0.8156545758247375,7080,-0.02074823691509664,0.0342775,21.99795988202095,-0.9711307466030121,0.29609375
293.29,450560,-14.046000000000001,1117,220,403,13.100543022155762,0.0003,0.2,0.7514504194259644,7090,-0.016587541469198185,0.017200902,62.677768361568454,-0.925295258499682,0.20458984375
297.99,452608,-16.495,1128,221,400,33.52095413208008,0.0003,0.2,0.7592555284500122,7100,-0.014188485134218354,0.020325102,74.4621092915535,-0.9081506850197911,0.2169921875
296.14,454656,-15.772000000000002,1137,222,399,9.982450485229492,0.0003,0.2,0.8573959469795227,7110,-0.01093000128021231,0.03185545,27.198609787225724,-0.932954023219645,0.265869140625
300.91,456704,-18.304000000000002,1143,223,399,19.87498664855957,0.0003,0.2,0.7953605651855469,7120,-0.014753542009566445,0.011870649,62.207666331529616,-0.9245887856930495,0.13818359375
302.09,458752,-19.543999999999997,1149,224,398,22.897525787353516,0.0003,0.2,0.7681698799133301,7130,-0.017107837309595197,0.021442644,71.80865757465362,-0.945965569652617,0.17548828125
298.44,460800,-17.781999999999996,1158,225,397,43.87042999267578,0.0003,0.2,0.7202524542808533,7140,-0.017047153504972812,0.0129493615,97.26531572937965,-0.9556213619187475,0.159814453125
295.1,462848,-14.328,1166,226,396,17.690649032592773,0.0003,0.2,0.6633223295211792,7150,-0.020611720578745007,0.009920636,121.61889193058013,-0.8197284238412976,0.1236328125
296.36,464896,-15.271999999999998,1172,227,396,47.3484992980957,0.0003,0.2,0.5913710594177246,7160,-0.01912185440014582,0.010437687,107.2094057738781,-0.853260258026421,0.13046875
300.98,466944,-16.849,1180,228,395,38.988285064697266,0.0003,0.2,0.5923104286193848,7170,-0.014712711711763405,0.019057266,71.47738400697708,-0.9027327228337526,0.22607421875
303.33,468992,-17.868999999999996,1186,229,395,24.383941650390625,0.0003,0.2,0.6117074489593506,7180,-0.017510975646291626,0.016245032,80.50205631256104,-0.9047478649765253,0.213232421875
300.07,471040,-15.922,1192,230,395,7.40787410736084,0.0003,0.2,0.745760440826416,7190,-0.02077080584713258,0.02440143,45.31259832382202,-0.9560920065268874,0.261328125
306.01,473088,-19.015,1197,231,395,45.6709098815918,0.0003,0.2,0.6925910711288452,7200,-0.017759052593100934,0.01791501,90.63838140964508,-0.8997067339718342,0.187890625
307.51,475136,-17.718999999999998,1201,232,395,53.9870491027832,0.0003,0.2,0.7114060521125793,7210,-0.017097178870608333,0.01268496,66.4785942196846,-0.8988636625930667,0.160791015625
301.24,477184,-14.344999999999997,1206,233,395,27.821308135986328,0.0003,0.2,0.5696827173233032,7220,-0.020542660198407246,0.017636403,53.10956785082817,-0.9892587238922715,0.1955078125
299.31,479232,-13.439,1211,234,395,35.316959381103516,0.0003,0.2,0.6632113456726074,7230,-0.017080700538645032,0.010820788,97.12149418592453,-0.8890027018263936,0.115673828125
297.97,481280,-13.012,1216,235,395,37.71574783325195,0.0003,0.2,0.6958694458007812,7240,-0.02115525403205538,0.014624914,79.65535875856877,-0.9283060248941183,0.177392578125
295.39,483328,-11.252,1222,236,395,16.455522537231445,0.0003,0.2,0.6752625703811646,7250,-0.016183950018603354,0.015247988,69.33162040412427,-0.8818471485748887,0.155859375
290.42,485376,-9.62,1227,237,395,22.35036277770996,0.0003,0.2,0.6274659037590027,7260,-0.016991167890955693,0.009597009,104.39506154656411,-0.8490090347826481,0.120751953125
287.9,487424,-7.777,1234,238,394,30.56035614013672,0.0003,0.2,0.6842230558395386,7270,-0.01692427939051413,0.011168035,83.51702782511711,-0.9163525747135282,0.14267578125
294.5,489472,-11.367,1240,239,394,38.37657928466797,0.0003,0.2,0.571192741394043,7280,-0.02079758460604353,0.0156080015,69.72173767685891,-0.8430617440491914,0.1560546875
292.44,491520,-10.722000000000001,1246,240,394,30.981056213378906,0.0003,0.2,0.6516836881637573,7290,-0.016674286119814495,0.015238855,68.54857757985592,-0.9004485469311476,0.19609375
296.86,493568,-12.606,1251,241,394,25.98784065246582,0.0003,0.2,0.6855629682540894,7300,-0.017440633462683763,0.021556966,53.48238806128502,-0.8856850674375891,0.241455078125
294.56,495616,-11.920000000000002,1257,242,394,21.914920806884766,0.0003,0.2,0.6694439053535461,7310,-0.019085157581139357,0.029034995,42.733764877915384,-0.893730322085321,0.231640625
298.49,497664,-13.957,1263,243,393,29.626056671142578,0.0003,0.2,0.6748474836349487,7320,-0.015675446096429367,0.013338136,59.46414639353752,-0.8413029037415981,0.1314453125
301.7,499712,-15.434000000000001,1271,244,393,16.814603805541992,0.0003,0.2,0.7597246766090393,7330,-0.013659815822029487,0.021469072,39.211216050386426,-0.9381225679069758,0.219873046875
301.82,501760,-15.759000000000004,1277,245,392,30.602191925048828,0.0003,0.2,0.7549957036972046,7340,-0.020434954998199827,0.01754527,47.76728486418724,-0.9277212912216782,0.204443359375
304.32,503808,-17.141000000000002,1283,246,392,21.99110984802246,0.0003,0.2,0.7762980461120605,7350,-0.01743271004233975,0.013993144,70.30506720542908,-0.8796905163675547,0.16591796875
301.59,505856,-15.521000000000006,1289,247,392,25.234786987304688,0.0003,0.2,0.8043872117996216,7360,-0.019273311260621994,0.018838575,47.98271604776382,-0.9533861078321934,0.19921875
301.42,507904,-15.134,1295,248,392,26.83296775817871,0.0003,0.2,0.7693679332733154,7370,-0.01339216856576968,0.017470138,59.27962082028389,-0.9376518547534942,0.1794921875
299.77,509952,-14.242,1301,249,391,19.163795471191406,0.0003,0.2,0.7144407629966736,7380,-0.01748850119911367,0.011086244,86.32528774738311,-0.9168215027078986,0.12041015625
301.6,512000,-15.515,1307,250,391,60.84357833862305,0.0003,0.2,0.4465998411178589,7390,-0.013005732916644775,0.014157838,106.04524295926095,-0.8739222997799516,0.12724609375
304.97,514048,-17.160000000000004,1313,251,391,18.545562744140625,0.0003,0.2,0.7383251190185547,7400,-0.015958667150698602,0.014277081,45.41384729444981,-0.9275745129212737,0.175048828125
307.5,516096,-17.549,1320,252,390,38.06035614013672,0.0003,0.2,0.5909801721572876,7410,-0.019578398042358457,0.012448908,89.28696171045303,-0.9059923397377133,0.166015625
310.5,518144,-19.400000000000006,1327,253,390,36.003604888916016,0.0003,0.2,0.5920916795730591,7420,-0.017336497556971153,0.026555495,62.5833921611309,-0.9221255520358682,0.17197265625
313.06,520192,-20.467000000000002,1332,254,390,13.82181453704834,0.0003,0.2,0.6313521862030029,7430,-0.014266291001695209,0.020166382,47.347655412554744,-0.8995993809774518,0.231201171875
317.84,522240,-22.68799999999999,1338,255,390,6.831570625305176,0.0003,0.2,0.7710822820663452,7440,-0.01609498562756926,0.026818752,30.123873348534108,-0.941272953338921,0.255029296875
322.17,524288,-25.375,1346,256,389,17.73944854736328,0.0003,0.2,0.7092750072479248,7450,-0.018939623203186783,0.027750555,51.54715837538242,-0.9531887425109744,0.3091796875
323.5,526336,-26.351000000000003,1351,257,389,44.99551773071289,0.0003,0.2,0.846437931060791,7460,-0.02578962967309053,0.046941355,33.405834403634074,-0.992912582680583,0.31748046875
329.9,528384,-29.612000000000002,1358,258,388,6.935096263885498,0.0003,0.2,0.7912536859512329,7470,-0.013240716041764244,0.01730724,38.70686142742634,-0.9984825314953923,0.165380859375
334.35,530432,-32.487,1365,259,388,12.97723388671875,0.0003,0.2,0.7857943177223206,7480,-0.016819282238429878,0.018714331,66.35160319209099,-0.9998344209045171,0.203369140625
332.48,532480,-32.291000000000004,1370,260,388,9.0078706741333,0.0003,0.2,0.8554564714431763,7490,-0.015571390639524906,0.020285884,30.917385748028757,-0.9953964168205858,0.230224609375
329.1,534528,-30.898999999999997,1374,261,388,12.548857688903809,0.0003,0.2,0.7491985559463501,7500,-0.012447851992328651,0.013646044,76.66177606880665,-0.9690472690388561,0.111767578125
328.73,536576,-31.166999999999994,1380,262,388,26.26723861694336,0.0003,0.2,0.602764368057251,7510,-0.012924704219767592,0.011493765,96.26501146256923,-0.9252425050362945,0.08134765625
331.92,538624,-33.33700000000001,1385,263,388,16.24718475341797,0.0003,0.2,0.665434718132019,7520,-0.016834136660327202,0.007983096,69.69736804962159,-0.9417020127177238,0.08056640625
331.4,540672,-33.126,1392,264,388,75.88896179199219,0.0003,0.2,0.6866040825843811,7530,-0.02030039132660022,0.023401462,50.057078233361246,-0.9841371517628431,0.2130859375
337.76,542720,-37.074000000000005,1399,265,387,41.58058547973633,0.0003,0.2,0.641692042350769,7540,-0.017072463082149623,0.0100234905,120.21624709367752,-0.9100680636242032,0.11953125
338.91,544768,-37.723,1405,266,387,2.1100401878356934,0.0003,0.2,0.8451778888702393,7550,-0.020388572553929406,0.038323443,11.507763826102018,-0.985890207439661,0.302783203125
338.62,546816,-38.199999999999996,1411,267,387,115.00440979003906,0.0003,0.2,0.6166753768920898,7560,-0.017834614279854576,0.009554105,131.66728697419165,-0.9219413606449962,0.14697265625
340.07,548864,-39.123999999999995,1418,268,387,102.12574768066406,0.0003,0.2,0.7526854276657104,7570,-0.017331843558349647,0.014585601,77.78473831117154,-0.9457789296284318,0.1615234375
338.77,550912,-38.251999999999995,1424,269,386,42.78811264038086,0.0003,0.2,0.5619102120399475,7580,-0.014961879109614528,0.00905652,143.20376403331755,-0.9025756815448404,0.111279296875
335.66,552960,-37.319,1429,270,386,18.088071823120117,0.0003,0.2,0.6749812364578247,7590,-0.014873159550188576,0.012836335,91.91920148134231,-0.9370519021525979,0.115625
335.97,555008,-37.192,1435,271,386,24.9010009765625,0.0003,0.2,0.5841691493988037,7600,-0.023413923881889787,0.013628141,124.49798923134804,-0.901438794285059,0.148779296875
334.28,557056,-36.378,1442,272,386,56.662723541259766,0.0003,0.2,0.38153254985809326,7610,-0.016062479881657054,0.011781322,92.93041822910308,-0.9941175490617752,0.137255859375
334.26,559104,-37.312,1449,273,385,25.068498611450195,0.0003,0.2,0.4908819794654846,7620,-0.019592534680850805,0.01240599,88.72732556462287,-0.9601961672306061,0.13857421875
331.89,561152,-36.254,1457,274,385,4.704675674438477,0.0003,0.2,0.7639591693878174,7630,-0.012507967949204613,0.03802799,21.58890234604478,-0.9967800548300148,0.293505859375
328.91,563200,-34.248,1462,275,385,27.28313636779785,0.0003,0.2,0.45860642194747925,7640,-0.018704612236251705,0.012448745,80.8078488767147,-0.9066184464842081,0.136279296875
328.88,565248,-33.449,1467,276,385,60.310001373291016,0.0003,0.2,0.5516821146011353,7650,-0.018766989376308628,0.012953323,94.71559051275253,-0.9152978889644146,0.171337890625
331.63,567296,-34.551,1471,277,385,32.4505500793457,0.0003,0.2,0.49396640062332153,7660,-0.022978390655771362,0.016751334,82.66302062273026,-0.9219881085678935,0.184130859375
328.78,569344,-33.05799999999999,1476,278,385,23.816265106201172,0.0003,0.2,0.5063285827636719,7670,-0.016818920680088924,0.012600166,107.72112339138985,-0.9063292192295194,0.130126953125
328.3,571392,-32.632,1481,279,385,55.45685958862305,0.0003,0.2,0.5001637935638428,7680,-0.018917154955852312,0.010885542,103.8485372364521,-0.8969749826937914,0.11630859375
328.41,573440,-32.641999999999996,1485,280,386,35.473876953125,0.0003,0.2,0.6765501499176025,7690,-0.016511965683457676,0.013579467,66.06751932799816,-0.9382075626403094,0.15078125
322.54,575488,-29.123,1489,281,386,56.411006927490234,0.0003,0.2,0.40468931198120117,7700,-0.018385517814022024,0.009676574,123.74232139587403,-0.9172586083412171,0.11767578125
327.95,577536,-32.306,1494,282,386,23.479280471801758,0.0003,0.2,0.6537957787513733,7710,-0.016310483717825265,0.011836781,60.80090880692005,-0.9225711964070797,0.140380859375
320.36,579584,-28.176999999999992,1498,283,386,28.52238655090332,0.0003,0.2,0.7202015519142151,7720,-0.01719277449155925,0.013997592,50.34902966618538,-0.9282302478328347,0.138134765625
322.93,581632,-29.729999999999997,1503,284,386,46.152828216552734,0.0003,0.2,0.6020736694335938,7730,-0.014618663824512624,0.009722341,89.61756823062896,-0.8200426235795021,0.1021484375
323.26,583680,-29.445,1508,285,387,8.999197006225586,0.0003,0.2,0.347095251083374,7740,-0.027125365313258952,0.024840543,28.020495012402534,-0.9246773213148117,0.234619140625
326.07,585728,-30.657999999999998,1512,286,387,9.636429786682129,0.0003,0.2,0.5649474859237671,7750,-0.016983448604878503,0.020895828,31.824919405579568,-0.9192049182951451,0.241015625
322.45,587776,-28.807999999999996,1517,287,387,13.109057426452637,0.0003,0.2,0.220831036567688,7760,-0.024461473603150808,0.02377855,37.539170783758166,-0.9300139648839831,0.198095703125
321.52,589824,-28.756,1521,288,387,14.123502731323242,0.0003,0.2,0.5544092655181885,7770,-0.02024581688165199,0.035149843,30.445656628906725,-0.9023330684751272,0.21982421875
317.32,591872,-25.627000000000002,1526,289,387,4.481322288513184,0.0003,0.2,0.616142749786377,7780,-0.02049761582748033,0.023129348,17.9192327670753,-0.945151143334806,0.2306640625
315.66,593920,-24.816,1531,290,387,16.506927490234375,0.0003,0.2,0.5789006948471069,7790,-0.01912289831234375,0.015860327,52.506819227337836,-0.8917697325348855,0.1599609375
314.94,595968,-24.471999999999998,1536,291,387,25.955257415771484,0.0003,0.2,0.7328832149505615,7800,-0.016725073047564366,0.012879321,48.812244835495946,-0.9030107159167529,0.131494140625
312.25,598016,-23.089000000000002,1541,292,387,23.159366607666016,0.0003,0.2,0.7685909271240234,7810,-0.01745275389403105,0.012906296,40.96873277127743,-0.9457470316439867,0.136376953125
316.53,600064,-25.124000000000002,1547,293,387,19.149635314941406,0.0003,0.2,0.7908191680908203,7820,-0.016091658231744077,0.013379213,53.92403001487255,-0.9245411828160286,0.137451171875
319.48,602112,-26.559000000000005,1552,294,387,12.594554901123047,0.0003,0.2,0.8535279631614685,7830,-0.017189813376171516,0.015577099,30.900246366858482,-0.9959231350570917,0.17255859375
319.97,604160,-26.456999999999997,1557,295,387,5.553407192230225,0.0003,0.2,0.739667534828186,7840,-0.011560282760183328,0.013535447,37.210877829790114,-0.9604085164144636,0.124072265625
317.67,606208,-25.296000000000003,1562,296,388,19.416749954223633,0.0003,0.2,0.7514184713363647,7850,-0.016043233715754467,0.013947366,37.64527391195297,-0.9397462174296379,0.149755859375
318.89,608256,-25.46,1567,297,388,10.682058334350586,0.0003,0.2,0.7947871685028076,7860,-0.015273285373405087,0.015160987,48.788282150030135,-0.8816865211352706,0.158203125
316.28,610304,-25.445999999999998,1573,298,387,6.321802139282227,0.0003,0.2,0.7245075702667236,7870,-0.02039565414597746,0.02275788,59.098562425374986,-0.9274031793698668,0.222900390625
311.72,612352,-22.726999999999997,1578,299,387,3.474722146987915,0.0003,0.2,0.7900454998016357,7880,-0.017161849804688246,0.022578577,25.204274132847786,-0.8790527952834963,0.2646484375
313.32,614400,-24.035999999999998,1586,300,387,18.22793960571289,0.0003,0.2,0.5053987503051758,7890,-0.01718598331572139,0.011156732,70.32305138707162,-0.778380298241973,0.1328125
314.87,616448,-24.701000000000004,1594,301,386,22.707834243774414,0.0003,0.2,0.667035698890686,7900,-0.01556727656716248,0.02127327,46.900267854332924,-0.9533532597124577,0.16904296875
316.82,618496,-25.683999999999997,1600,302,386,8.946776390075684,0.0003,0.2,0.73161780834198,7910,-0.02096194937475957,0.019955484,23.81586430966854,-0.9844686072319746,0.227978515625
318.72,620544,-25.779,1606,303,386,10.494186401367188,0.0003,0.2,0.6556153297424316,7920,-0.019261457452375907,0.018532833,23.68014500141144,-0.9229274705052376,0.197705078125
316.97,622592,-24.323,1613,304,385,21.46324348449707,0.0003,0.2,0.6854596138000488,7930,-0.020566236414015292,0.018195733,33.700826469063756,-0.9019534898921847,0.209033203125
324.06,624640,-28.043000000000003,1620,305,385,14.985723495483398,0.0003,0.2,0.828207790851593,7940,-0.014788164515630342,0.02526005,22.165934745967387,-0.898829978518188,0.226416015625
325.03,626688,-28.296999999999997,1625,306,385,8.958925247192383,0.0003,0.2,0.8964393734931946,7950,-0.023626906145364047,0.02533009,19.881346474587918,-0.9729400333017111,0.267041015625
319.78,628736,-26.342000000000002,1630,307,385,22.665109634399414,0.0003,0.2,0.8678979873657227,7960,-0.014790695864940062,0.013579806,39.17303024083376,-0.9140972126275301,0.138818359375
316.17,630784,-24.305000000000003,1634,308,385,30.671489715576172,0.0003,0.2,0.739166259765625,7970,-0.017591140001604798,0.012745299,77.82907797396183,-0.8353101715445519,0.116943359375
309.14,632832,-20.974999999999994,1638,309,386,24.062572479248047,0.0003,0.2,0.8421119451522827,7980,-0.017229031088936607,0.01475303,39.47965871393681,-0.8574947711080313,0.151806640625
309.17,634880,-21.102999999999998,1642,310,386,27.87132453918457,0.0003,0.2,0.7088942527770996,7990,-0.01780687775608385,0.012580067,80.74677895903588,-0.8869847144931555,0.132470703125
307.43,636928,-20.093999999999998,1647,311,386,16.6312313079834,0.0003,0.2,0.7866266965866089,8000,-0.018003644711279777,0.016360158,42.496525013446806,-0.9133564546704293,0.18564453125
307.47,638976,-19.856000000000005,1651,312,386,25.50295639038086,0.0003,0.2,0.7377090454101562,8010,-0.017877001096348977,0.011961168,72.79213503599166,-0.8422222509980202,0.1546875
305.36,641024,-17.212000000000003,1655,313,387,44.561973571777344,0.0003,0.2,0.7429129481315613,8020,-0.020188132682233118,0.014871398,69.1372419476509,-0.9062313048169017,0.16025390625
312.19,643072,-20.741,1660,314,387,20.990921020507812,0.0003,0.2,0.6004983186721802,8030,-0.015792106310254895,0.010435144,69.2197535276413,-0.8977704081684351,0.126806640625
312.53,645120,-20.718000000000004,1664,315,387,30.526958465576172,0.0003,0.2,0.7827601432800293,8040,-0.01982080011657672,0.019837316,57.40350683927536,-0.8857751743867993,0.18115234375
310.13,647168,-19.296999999999997,1668,316,387,25.894079208374023,0.0003,0.2,0.7519659399986267,8050,-0.019105935022525954,0.015492775,52.411090260744096,-0.9261129790917039,0.197412109375
307.21,649216,-17.773999999999997,1672,317,388,7.423237323760986,0.0003,0.2,0.7638064622879028,8060,-0.018508361376007088,0.024888586,36.37983061373234,-0.9058229222893714,0.20107421875
306.98,651264,-18.151,1677,318,388,30.79376220703125,0.0003,0.2,0.7699770927429199,8070,-0.017641003722383176,0.013497228,48.82181096374988,-0.8952924115583301,0.16337890625
308.91,653312,-19.075000000000003,1681,319,388,4.53726053237915,0.0003,0.2,0.8292633295059204,8080,-0.009817582331743324,0.014418002,36.10939254462719,-0.8777731722220778,0.174951171875
309.18,655360,-19.094,1685,320,388,2.1023895740509033,0.0003,0.2,0.8642439246177673,8090,-0.016743685906840257,0.031800807,25.784177482128143,-0.9002131916582584,0.261572265625
307.02,657408,-18.443,1690,321,388,4.114201545715332,0.0003,0.2,0.8533642292022705,8100,-0.018989544844953344,0.023754423,46.124864272773266,-0.9084241826087236,0.204638671875
316.43,659456,-22.391,1695,322,388,20.85932731628418,0.0003,0.2,0.8495182991027832,8110,-0.01641784338717116,0.020671943,37.522916336357596,-0.8993544040247798,0.17294921875
321.6,661504,-25.098000000000003,1700,323,388,5.960832118988037,0.0003,0.2,0.8799133896827698,8120,-0.013859065384895074,0.022689682,39.81525237262249,-0.9598014453426004,0.20703125
324.02,663552,-25.792999999999996,1706,324,388,10.258752822875977,0.0003,0.2,0.7818962335586548,8130,-0.014538548965356312,0.015256772,53.17676219940186,-0.9011570792645216,0.178125
327.3,665600,-27.392000000000003,1711,325,388,10.061643600463867,0.0003,0.2,0.7135004997253418,8140,-0.012279640806082171,0.015515579,85.48586856722832,-0.9265604235231877,0.1861328125
328.09,667648,-27.8,1716,326,389,22.29524040222168,0.0003,0.2,0.7662285566329956,8150,-0.01469226502085803,0.015298754,71.83037168234587,-0.9041097082197667,0.187353515625
333.24,669696,-30.338999999999995,1721,327,389,4.08550500869751,0.0003,0.2,0.8819330930709839,8160,-0.013264163571875542,0.026829854,37.177034786343576,-0.9351104591041803,0.26669921875
333.85,671744,-30.564,1726,328,389,33.303462982177734,0.0003,0.2,0.7833154797554016,8170,-0.014151779173698743,0.010754621,58.978908924758436,-0.9293387604877352,0.12470703125
334.54,673792,-30.868000000000006,1733,329,388,28.82160186767578,0.0003,0.2,0.6454751491546631,8180,-0.014789878817100543,0.007839145,108.82817487716675,-0.9061719834804535,0.07119140625
340.46,675840,-34.057,1739,330,388,28.10752296447754,0.0003,0.2,0.7146241664886475,8190,-0.012531891689286567,0.012629637,50.205053836107254,-0.9558743551373482,0.1283203125
340.42,677888,-33.872,1745,331,388,7.117991924285889,0.0003,0.2,0.8452896475791931,8200,-0.011098103140830063,0.019124439,41.69836152046919,-0.9383570268750191,0.239306640625
343.36,679936,-35.275000000000006,1750,332,388,21.855249404907227,0.0003,0.2,0.7422387599945068,8210,-0.016769640576967504,0.014337741,70.96740877330303,-0.9149253753945231,0.1623046875
346.25,681984,-36.356,1756,333,388,4.8664937019348145,0.0003,0.2,0.7414224147796631,8220,-0.017114930767274928,0.017727323,61.75682280063629,-0.9114925332367421,0.141748046875
346.52,684032,-36.018,1762,334,388,57.709808349609375,0.0003,0.2,0.6711651086807251,8230,-0.014940681014559231,0.00850931,109.14760102033615,-0.9139554908499121,0.106005859375
342.26,686080,-33.72,1768,335,387,40.63804244995117,0.0003,0.2,0.2510274648666382,8240,-0.013157685249461792,0.009537501,97.2465494453907,-0.8727620737627149,0.096484375
341.21,688128,-33.064,1774,336,387,48.12804412841797,0.0003,0.2,0.586024284362793,8250,-0.012899626832222566,0.008257617,106.16791796684265,-0.8366291133686901,0.092919921875
342.46,690176,-34.007,1780,337,387,13.716224670410156,0.0003,0.2,0.4968961477279663,8260,-0.01693964729056461,0.014732074,99.18827110528946,-0.9138880863785743,0.155859375
339.77,692224,-32.472,1785,338,387,28.372825622558594,0.0003,0.2,0.5152795314788818,8270,-0.018645184491469992,0.01760327,98.93383346796035,-0.8780766945332289,0.173583984375
331.92,694272,-27.665,1790,339,387,23.095314025878906,0.0003,0.2,0.6858557462692261,8280,-0.019121957835159263,0.021557603,73.54965224564076,-0.929130638204515,0.2404296875
328.58,696320,-26.516999999999992,1795,340,387,90.07331085205078,0.0003,0.2,0.5532710552215576,8290,-0.014013613718998386,0.008411148,152.64116446971894,-0.8249557621777057,0.09267578125
328.48,698368,-26.757,1799,341,388,21.566747665405273,0.0003,0.2,0.5164432525634766,8300,-0.015382154342660215,0.013174316,100.40891773700714,-0.8400531329214573,0.123095703125
322.67,700416,-23.67400000000001,1804,342,388,33.69661331176758,0.0003,0.2,0.5129390358924866,8310,-0.018174937550065808,0.014321141,75.41258669495582,-0.9129848463460803,0.16865234375
324.5,702464,-24.622,1809,343,388,50.77992630004883,0.0003,0.2,0.42979055643081665,8320,-0.017887399483879563,0.011629116,152.85281646251678,-0.8227615246549249,0.13017578125
326.03,704512,-25.593000000000004,1813,344,388,41.311954498291016,0.0003,0.2,0.6482048630714417,8330,-0.011619128574966452,0.013677862,74.05058375597,-0.861573338881135,0.1044921875
316.02,706560,-20.253000000000004,1818,345,388,6.479775428771973,0.0003,0.2,0.7171463966369629,8340,-0.017073251616966444,0.015878137,48.8457010269165,-0.9296269653365016,0.17724609375
319.06,708608,-22.136,1822,346,388,25.143815994262695,0.0003,0.2,0.6424425840377808,8350,-0.011547675701149274,0.0078049344,87.48957033157349,-0.7972533581778407,0.098486328125
311.67,710656,-18.327,1827,347,388,15.662053108215332,0.0003,0.2,0.7871996164321899,8360,-0.020416267779364717,0.018089738,48.08954324424267,-0.942682820558548,0.201171875
313.14,712704,-19.361,1832,348,389,23.914886474609375,0.0003,0.2,0.4027137756347656,8370,-0.016486406730837188,0.008276567,96.79192986488343,-0.8342077879235148,0.117041015625
318.4,714752,-22.707000000000004,1836,349,389,22.53521156311035,0.0003,0.2,0.5847187042236328,8380,-0.023026352196757215,0.024816943,41.0594558596611,-0.9734415613114834,0.244873046875
320.57,716800,-24.022999999999996,1841,350,389,6.979151725769043,0.0003,0.2,0.7239367961883545,8390,-0.0200259222794557,0.029872771,16.920560060441495,-0.9803700014948845,0.2767578125
327.02,718848,-27.552,1846,351,389,3.839609146118164,0.0003,0.2,0.7270132899284363,8400,-0.006958306100568734,0.01949191,12.87887349948287,-0.952183741889894,0.241357421875
325.75,720896,-29.028000000000002,1851,352,389,17.545291900634766,0.0003,0.2,0.8229817152023315,8410,-0.013694816153292776,0.027030602,23.879587994515894,-0.9558921610936523,0.26533203125
330.5,722944,-31.781,1856,353,389,28.7781925201416,0.0003,0.2,0.8092790842056274,8420,-0.006744928150146734,0.026922505,42.407473312318324,-0.9443625986576081,0.255810546875
332.09,724992,-33.942,1861,354,389,33.07774353027344,0.0003,0.2,0.7987947463989258,8430,-0.013845259455410996,0.0224513,37.26943961828947,-0.9563038863241673,0.237744140625
333.72,727040,-34.674,1866,355,389,1.3099267482757568,0.0003,0.2,0.9272491335868835,8440,-0.012589445487537886,0.027589284,7.568553445115685,-0.9534842256456614,0.2935546875
331.73,729088,-33.742000000000004,1872,356,389,49.60124969482422,0.0003,0.2,0.6723717451095581,8450,-0.012081737916741987,0.008748639,104.36753532886505,-0.8568341299891472,0.11953125
332.94,731136,-34.169000000000004,1878,357,389,13.046621322631836,0.0003,0.2,0.6465561389923096,8460,-0.011453186169819673,0.0068862485,75.52216718196868,-0.8717918971553444,0.059619140625
329.61,733184,-32.769,1884,358,389,25.999237060546875,0.0003,0.2,0.7844139337539673,8470,-0.011977373414265458,0.01040048,56.181295077502725,-0.9181651009246707,0.1166015625
330.08,735232,-34.284,1893,359,388,27.169605255126953,0.0003,0.2,0.6255825161933899,8480,-0.015980863369622966,0.008908976,104.3295044183731,-0.7982382105663419,0.081201171875
331.26,737280,-34.541,1898,360,388,24.955825805664062,0.0003,0.2,0.5352353453636169,8490,-0.01342506185756065,0.018248698,73.55298900902271,-0.8510156383737921,0.1052734375
333.43,739328,-35.849,1903,361,388,8.178637504577637,0.0003,0.2,0.6316030621528625,8500,-0.017852119484450667,0.017651021,50.66039116680622,-0.951104050502181,0.1701171875
338.81,741376,-38.689,1909,362,388,5.202840328216553,0.0003,0.2,0.7432602643966675,8510,-0.020069829071871936,0.018030532,28.760189577937126,-0.9598652405664325,0.199560546875
336.63,743424,-37.520999999999994,1914,363,388,7.748344421386719,0.0003,0.2,0.8509833812713623,8520,-0.010518039848830086,0.015771925,28.15517020970583,-0.9133588295429945,0.178759765625
339.53,745472,-39.38099999999999,1920,364,388,6.29337739944458,0.0003,0.2,0.7584542632102966,8530,-0.018153923960926476,0.009433668,64.97163234651089,-0.9182856537401676,0.127587890625
336.86,747520,-37.453,1926,365,388,11.3417387008667,0.0003,0.2,0.7763210535049438,8540,-0.015034816706611309,0.010084102,46.63588078916073,-0.8906343027949333,0.109033203125
335.45,749568,-36.528999999999996,1931,366,388,38.59410858154297,0.0003,0.2,0.7266366481781006,8550,-0.014771202918200287,0.010932036,73.95851783156395,-0.9313876925036311,0.119921875
334.73,751616,-35.741,1936,367,388,8.821822166442871,0.0003,0.2,0.8232896327972412,8560,-0.015174207351810765,0.013454627,28.09559080451727,-0.9433528328314423,0.150732421875
331.6,753664,-32.657,1941,368,388,12.401205062866211,0.0003,0.2,0.7395420074462891,8570,-0.018721138458931818,0.012081878,46.22233013808727,-0.916256513632834,0.167822265625
328.9,755712,-30.819000000000003,1947,369,388,62.183048248291016,0.0003,0.2,0.719825804233551,8580,-0.01717649129932397,0.018941686,86.34464581310749,-0.866682449541986,0.193359375
328.9,757760,-29.717999999999996,1952,370,388,61.122562408447266,0.0003,0.2,0.7194141149520874,8590,-0.016697972956171724,0.021535795,68.17172703146935,-0.9403621321544051,0.24951171875
328.75,759808,-30.442000000000004,1957,371,388,1.9299731254577637,0.0003,0.2,0.9522005319595337,8600,-0.029389854258624837,0.044967934,5.912291606515646,-0.9112726075574755,0.376318359375
328.93,761856,-30.33,1962,372,388,12.877959251403809,0.0003,0.2,0.6791895627975464,8610,-0.01954256108001573,0.013868149,97.86845636665821,-0.90843794811517,0.157275390625
328.03,763904,-29.72099999999999,1967,373,388,34.97328567504883,0.0003,0.2,0.6074670553207397,8620,-0.008871242147870361,0.0063440274,146.11921837329865,-0.8111744171008468,0.0544921875
334.61,765952,-32.733999999999995,1973,374,388,58.542293548583984,0.0003,0.2,0.3973091244697571,8630,-0.021296061103930695,0.013029832,102.74401860237121,-0.9328729758039117,0.141796875
334.11,768000,-31.909000000000002,1978,375,388,63.92040252685547,0.0003,0.2,0.6426364779472351,8640,-0.01499642699782271,0.007608709,109.5669343650341,-0.8879163108766079,0.097314453125
330.2,770048,-29.262000000000004,1983,376,388,26.13603401184082,0.0003,0.2,0.44683748483657837,8650,-0.01727744801901281,0.010105334,85.19030650258064,-0.9211713418364524,0.10986328125
331.07,772096,-29.309,1988,377,388,28.3253231048584,0.0003,0.2,0.6294057369232178,8660,-0.01359026440186426,0.008408018,95.87876341342925,-0.8834169946610928,0.085205078125
329.5,774144,-28.227999999999994,1995,378,387,60.888614654541016,0.0003,0.2,0.5331217050552368,8670,-0.020412698325526436,0.012487161,77.26542380452156,-0.9655025754123926,0.135009765625
330.02,776192,-29.110999999999994,2002,379,387,18.045581817626953,0.0003,0.2,0.7824518084526062,8680,-0.014537048488273285,0.01590978,31.936905816197395,-0.9332359990105032,0.1923828125
332.2,778240,-29.598000000000006,2009,380,387,19.14830207824707,0.0003,0.2,0.6797254085540771,8690,-0.018014236859744414,0.014086367,65.63799066841602,-0.9007877372205257,0.176318359375
326.04,780288,-26.546000000000003,2016,381,386,4.8263421058654785,0.0003,0.2,0.7662781476974487,8700,-0.014560266787884756,0.01652381,64.17455111145973,-0.961368978023529,0.21064453125
321.94,782336,-24.070000000000004,2023,382,386,34.22761154174805,0.0003,0.2,0.6637111306190491,8710,-0.01546002306859009,0.008641651,129.96446900963784,-0.8895963577553629,0.098388671875
322.24,784384,-24.305999999999997,2029,383,386,119.48202514648438,0.0003,0.2,0.6931440830230713,8720,-0.014719557962962426,0.008508006,123.1183068215847,-0.8998084032908082,0.089990234375
324.13,786432,-25.253,2037,384,386,29.169145584106445,0.0003,0.2,0.7998822331428528,8730,-0.011898453559842892,0.036558032,40.96755836606026,-0.9773665742948652,0.29951171875
325.0,788480,-26.529,2044,385,385,87.0047607421875,0.0003,0.2,0.7507805824279785,8740,-0.014541071212443057,0.011396405,87.05032207071781,-0.9439496695995331,0.13974609375
325.62,790528,-26.426999999999992,2051,386,385,10.001291275024414,0.0003,0.2,0.8731655478477478,8750,-0.015753548356587998,0.025379643,33.35442150235176,-0.8834685863927006,0.24384765625
327.19,792576,-27.93,2056,387,385,5.480969429016113,0.0003,0.2,0.8577128648757935,8760,-0.01092269121654681,0.019002665,34.91690842360258,-0.961136556789279,0.2
330.59,794624,-29.469,2061,388,385,6.276583194732666,0.0003,0.2,0.880811333656311,8770,-0.013451933844771701,0.020258296,27.914640401303767,-1.0065316116437315,0.2662109375
332.33,796672,-30.785999999999998,2066,389,385,68.97530364990234,0.0003,0.2,0.6510034799575806,8780,-0.0132118338777218,0.008957956,136.01587022542952,-0.8607324684038758,0.10634765625
335.35,798720,-32.421,2071,390,385,22.71023178100586,0.0003,0.2,0.5094326734542847,8790,-0.014867430356389377,0.012837296,81.20552354454995,-0.9730782961472869,0.109716796875
333.12,800768,-31.276,2076,391,385,25.184804916381836,0.0003,0.2,0.5958575010299683,8800,-0.01512636403858778,0.01869984,59.733684620261194,-0.9351375201717019,0.159033203125
332.11,802816,-30.974,2081,392,385,85.77235412597656,0.0003,0.2,0.47429054975509644,8810,-0.014828762171964627,0.008071743,152.32229307889938,-0.8450779831036925,0.0837890625
333.83,804864,-32.31,2090,393,385,30.854652404785156,0.0003,0.2,0.5561610460281372,8820,-0.019412312730855773,0.011867905,97.89791899323464,-0.9327775387093424,0.125146484375
327.8,806912,-30.032999999999998,2095,394,384,20.411882400512695,0.0003,0.2,0.6701929569244385,8830,-0.016096852571354247,0.018684864,65.94519827961922,-0.9302420912310481,0.188818359375
330.66,808960,-32.225,2101,395,385,40.41126251220703,0.0003,0.2,0.22085845470428467,8840,-0.015637793885252903,0.011312973,151.18911015987396,-0.8451402517035603,0.1150390625
323.7,811008,-28.996,2106,396,384,26.931621551513672,0.0003,0.2,0.4862040877342224,8850,-0.017929447362257635,0.013215267,94.09838952422142,-0.9381459111347794,0.168701171875
329.53,813056,-32.134,2112,397,384,68.3382797241211,0.0003,0.2,0.4823596477508545,8860,-0.01712689287378453,0.010749258,130.25720278024673,-0.8204882703721523,0.13369140625
328.51,815104,-32.049,2117,398,384,31.299434661865234,0.0003,0.2,0.5428858399391174,8870,-0.01750551272125449,0.012583137,77.40676792263984,-0.934385483339429,0.176318359375
329.9,817152,-32.759,2122,399,384,25.06760025024414,0.0003,0.2,0.6072331666946411,8880,-0.01899579154123785,0.016067911,58.2088609457016,-0.9180765509605407,0.181884765625
331.67,819200,-33.861999999999995,2127,400,385,8.224861145019531,0.0003,0.2,0.23817652463912964,8890,-0.020430872218275907,0.022511452,21.518881049752235,-0.9797183314338327,0.230712890625
327.83,821248,-30.881,2132,401,385,32.279624938964844,0.0003,0.2,0.6470187306404114,8900,-0.01869513056008145,0.022000965,58.53666239380836,-0.9122072480618953,0.22607421875
322.51,823296,-28.064999999999994,2138,402,385,24.091575622558594,0.0003,0.2,0.5425739288330078,8910,-0.014160670030105394,0.008252769,79.79742713570595,-0.8818374633789062,0.1142578125
320.17,825344,-26.234,2143,403,384,36.283992767333984,0.0003,0.2,0.6266518831253052,8920,-0.014598302730883006,0.014249357,77.16166394650936,-0.8731781909242272,0.141845703125
319.0,827392,-25.402,2149,404,384,27.414989471435547,0.0003,0.2,0.7359232902526855,8930,-0.014883357434882782,0.014340455,53.672448283433916,-0.9330233307555318,0.14208984375
317.55,829440,-24.735,2155,405,384,85.26077270507812,0.0003,0.2,0.6819089651107788,8940,-0.01641923277784372,0.010518648,89.3821533024311,-0.8846812972798943,0.124755859375
322.37,831488,-27.204000000000004,2161,406,384,65.85620880126953,0.0003,0.2,0.8183766603469849,8950,-0.010363145079463721,0.017042007,32.08414217233658,-0.9224271878600121,0.1740234375
328.55,833536,-30.611000000000008,2165,407,384,1.7599751949310303,0.0003,0.2,0.9416235685348511,8960,-0.01649373007094255,0.030447118,6.598652339354158,-0.9601381635293365,0.314892578125
331.88,835584,-32.87499999999999,2173,408,384,4.171090602874756,0.0003,0.2,0.9176950454711914,8970,-0.014457352022873238,0.028496422,27.970564311742784,-0.9327103793621063,0.228466796875
330.57,837632,-32.42100000000001,2178,409,384,10.845256805419922,0.0003,0.2,0.905419111251831,8980,-0.011432271247031167,0.023378942,23.583479262143374,-0.9667211040854454,0.236572265625
330.49,839680,-33.076,2183,410,384,12.866728782653809,0.0003,0.2,0.7990747094154358,8990,-0.017843168837134726,0.010670651,68.7255170404911,-0.9775412434712052,0.1388671875
332.34,841728,-34.412000000000006,2189,411,384,14.674760818481445,0.0003,0.2,0.8597835302352905,9000,-0.017509719174995553,0.009845378,73.28896862268448,-0.9820443201810122,0.160791015625
333.99,843776,-34.102,2194,412,384,71.56610870361328,0.0003,0.2,0.7444767951965332,9010,-0.013113060727482662,0.009221365,115.61545512080193,-0.9029319807887077,0.09306640625
338.74,845824,-36.538999999999994,2199,413,384,42.12921905517578,0.0003,0.2,0.7219142913818359,9020,-0.01568573697732063,0.008556897,87.68143507838249,-0.9553589355200529,0.091455078125
335.49,847872,-34.528000000000006,2204,414,384,35.208282470703125,0.0003,0.2,0.7618787884712219,9030,-0.012654827660298906,0.009004216,76.9498173803091,-0.9566902827471495,0.109814453125
334.64,849920,-33.894,2209,415,384,72.95662689208984,0.0003,0.2,0.7010079622268677,9040,-0.014490857686905657,0.008415845,90.74245312809944,-0.9239176267758011,0.097021484375
337.55,851968,-35.792,2214,416,384,57.485286712646484,0.0003,0.2,0.5921581983566284,9050,-0.013989217131165788,0.009645598,127.24142824411392,-0.9148966880515218,0.08291015625
338.5,854016,-36.349,2219,417,384,4.617392539978027,0.0003,0.2,0.9264015555381775,9060,-0.014849972145748324,0.02109407,15.270541635900736,-0.923821609839797,0.237109375
341.22,856064,-39.757,2224,418,384,25.65024185180664,0.0003,0.2,0.7681888937950134,9070,-0.01455319852248067,0.011792605,49.127772989869115,-0.9378061564639211,0.124462890625
345.44,858112,-41.938,2230,419,384,41.755287170410156,0.0003,0.2,0.6486037373542786,9080,-0.014434432519192342,0.012814234,81.5300738632679,-0.8805184109136462,0.123779296875
341.49,860160,-39.690000000000005,2236,420,384,19.42901039123535,0.0003,0.2,0.8265140056610107,9090,-0.017559363253531045,0.016190581,34.34110621511936,-0.9379721347242593,0.198486328125
338.07,862208,-37.95800000000001,2244,421,384,45.080047607421875,0.0003,0.2,0.6463861465454102,9100,-0.01420763739006361,0.008481248,104.70491793155671,-0.8920669132843614,0.1201171875
326.77,864256,-31.313,2251,422,383,36.162715911865234,0.0003,0.2,0.48051488399505615,9110,-0.013100724040123168,0.0060507013,153.29872899055482,-0.8230749567970633,0.06845703125
325.64,866304,-30.818999999999996,2257,423,383,46.722450256347656,0.0003,0.2,0.4743577241897583,9120,-0.012601890828227625,0.008265029,105.94841404557228,-0.829979563318193,0.0947265625
316.29,868352,-25.776999999999997,2263,424,383,11.792473793029785,0.0003,0.2,0.711901068687439,9130,-0.015952231503615622,0.019148067,42.46864418536425,-0.8970258446410299,0.177880859375
313.05,870400,-24.140000000000004,2269,425,383,45.26383590698242,0.0003,0.2,0.4392049312591553,9140,-0.013975397055037319,0.010150706,120.72981008291245,-0.8123232452198863,0.102001953125
314.65,872448,-22.844,2275,426,383,23.42223358154297,0.0003,0.2,0.4888026714324951,9150,-0.018426585328415967,0.013712743,70.36744275689125,-0.8561126414686442,0.146630859375
319.27,874496,-25.250000000000004,2281,427,383,18.042356491088867,0.0003,0.2,0.5226171612739563,9160,-0.021802884181670378,0.013302436,78.67122697234154,-0.9285390829667449,0.170263671875
312.48,876544,-21.783,2287,428,383,16.07068634033203,0.0003,0.2,0.5344586372375488,9170,-0.021576643131265883,0.015432264,45.47607525289059,-0.9259365130215883,0.212060546875
308.87,878592,-19.973000000000003,2292,429,383,16.018768310546875,0.0003,0.2,0.6177064180374146,9180,-0.013745734923577401,0.010799659,81.74432371556759,-0.8569850951433182,0.10849609375
295.53,880640,-13.230000000000002,2299,430,382,37.65465545654297,0.0003,0.2,0.6792008876800537,9190,-0.014606571299373173,0.008906662,70.10043013691902,-0.8600429316982627,0.14111328125
292.85,882688,-11.396,2306,431,382,33.41267776489258,0.0003,0.2,0.6806312799453735,9200,-0.015952282400394324,0.011688705,86.28884506821632,-0.7804772708564996,0.128125
294.7,884736,-10.089,2312,432,382,13.643373489379883,0.0003,0.2,0.6209290027618408,9210,-0.016713307536701905,0.015901767,53.92661784291268,-0.9303276140242815,0.19697265625
292.35,886784,-8.873,2318,433,382,7.088239669799805,0.0003,0.2,0.7306139469146729,9220,-0.018877159182738978,0.023117032,31.32774697840214,-0.9403627306222916,0.26015625
290.45,888832,-7.853999999999998,2324,434,382,13.8051176071167,0.0003,0.2,0.6365894675254822,9230,-0.017521126246720087,0.013321394,44.549693593382834,-0.8941531429067254,0.172705078125
297.83,890880,-11.597000000000001,2330,435,382,13.887750625610352,0.0003,0.2,0.6707781553268433,9240,-0.013150317068357254,0.012137119,55.82417647540569,-0.9097297705709935,0.14248046875
302.17,892928,-13.905999999999999,2336,436,382,5.995444297790527,0.0003,0.2,0.7991027235984802,9250,-0.01683152109471848,0.015766181,33.265553027391434,-0.9209596008062363,0.1744140625
296.77,894976,-10.751000000000001,2342,437,381,51.07403564453125,0.0003,0.2,0.7598288059234619,9260,-0.016951174128917047,0.010654503,46.177239656448364,-0.9327275548130274,0.122314453125
298.7,897024,-11.502,2349,438,381,42.89423751831055,0.0003,0.2,0.699974775314331,9270,-0.019377138071286028,0.009169472,87.39818558692932,-0.8275549165904522,0.10947265625
301.86,899072,-12.957,2357,439,381,8.363215446472168,0.0003,0.2,0.7798223495483398,9280,-0.016396988500491715,0.013950996,51.157333409786226,-0.8744509192183614,0.146630859375
299.75,901120,-11.68,2362,440,381,40.850467681884766,0.0003,0.2,0.7499449849128723,9290,-0.01652027893869672,0.012231624,74.39759882390499,-0.8849485429003835,0.159130859375
296.23,903168,-9.629000000000001,2367,441,381,26.3836612701416,0.0003,0.2,0.7242966890335083,9300,-0.01626736908874591,0.010696569,71.05715793967246,-0.8668995527550578,0.12470703125
300.49,905216,-11.836000000000002,2371,442,381,42.25635528564453,0.0003,0.2,0.7623686790466309,9310,-0.017350334401999134,0.011568494,66.41972457766533,-0.8825129119679331,0.12568359375
302.49,907264,-12.96,2376,443,381,12.346074104309082,0.0003,0.2,0.7563543319702148,9320,-0.020660942333051935,0.014186567,47.54344781935215,-0.8930389449000359,0.14951171875
306.67,909312,-15.292,2380,444,382,24.84400749206543,0.0003,0.2,0.8674849271774292,9330,-0.015283190656919032,0.015336205,30.904707193374634,-0.9008164674043655,0.196142578125
315.92,911360,-19.765,2384,445,382,4.269345760345459,0.0003,0.2,0.8129600286483765,9340,-0.010783107652969193,0.020499038,28.65223172008991,-0.9032160170376301,0.18857421875
316.47,913408,-20.506,2388,446,382,28.757442474365234,0.0003,0.2,0.7279047966003418,9350,-0.01023998211021535,0.01388693,59.50988048911095,-0.8494053237140179,0.1314453125
319.69,915456,-22.67,2392,447,382,17.20559310913086,0.0003,0.2,0.8061598539352417,9360,-0.012352748066768981,0.022009952,37.802007782459256,-0.9134756200015545,0.201220703125
311.83,917504,-18.561,2397,448,382,11.704647064208984,0.0003,0.2,0.7580151557922363,9370,-0.016822730025160125,0.018577298,35.409613859653476,-0.9203544484451414,0.18779296875
308.24,919552,-16.923999999999996,2401,449,382,45.328250885009766,0.0003,0.2,0.6058530807495117,9380,-0.017245735337928635,0.009246511,83.83990302681923,-0.7870073847472667,0.104736328125
304.94,921600,-15.237000000000002,2405,450,383,37.24098205566406,0.0003,0.2,0.6297123432159424,9390,-0.01815851221253979,0.013607692,60.05526129603386,-0.8060214107856154,0.13515625
309.11,923648,-17.337,2409,451,383,12.719586372375488,0.0003,0.2,0.3184097409248352,9400,-0.016462659323588015,0.013251126,40.00561223626137,-0.8773515213280916,0.1541015625
309.48,925696,-17.262999999999998,2413,452,383,6.258942604064941,0.0003,0.2,0.6494413018226624,9410,-0.016408107415190897,0.029253632,21.639411182701586,-0.888300283998251,0.256396484375
317.03,927744,-21.388,2418,453,383,8.808022499084473,0.0003,0.2,0.7096136808395386,9420,-0.018752216902794317,0.019784473,42.669967555999754,-0.8490897078067065,0.2021484375
310.24,929792,-18.288,2422,454,383,17.444677352905273,0.0003,0.2,0.6376324892044067,9430,-0.018183921395393553,0.022346482,35.76363820582628,-0.8671959083527326,0.236962890625
311.49,931840,-19.528,2426,455,383,17.505874633789062,0.0003,0.2,0.7028732299804688,9440,-0.015419367430149577,0.016749239,54.64844301044941,-0.7980526635423303,0.15234375
313.46,933888,-20.851,2431,456,384,9.265925407409668,0.0003,0.2,0.7978469133377075,9450,-0.016558399896894116,0.010746955,37.92857390642166,-0.8363392481580376,0.12138671875
312.54,935936,-20.455,2435,457,384,3.3938872814178467,0.0003,0.2,0.8267166614532471,9460,-0.012895974126877263,0.014226398,27.72308997362852,-0.9373332751914859,0.149169921875
311.9,937984,-20.305000000000003,2440,458,384,14.376482009887695,0.0003,0.2,0.8140942454338074,9470,-0.012813695907243527,0.012621673,57.3865373775363,-0.8343358354642987,0.134326171875
309.69,940032,-18.948,2445,459,384,9.876424789428711,0.0003,0.2,0.8500778675079346,9480,-0.013799366320017725,0.013669011,42.55323976278305,-0.9343033969402313,0.136474609375
308.01,942080,-18.264,2450,460,384,15.47783374786377,0.0003,0.2,0.8190134763717651,9490,-0.013180153966823127,0.010117222,37.93223803043365,-0.9070210434496403,0.127880859375
307.72,944128,-17.351,2454,461,384,46.43709182739258,0.0003,0.2,0.8422054648399353,9500,-0.014685341056610924,0.010045386,61.10976320505142,-0.8720577083528042,0.12568359375
305.6,946176,-15.802,2460,462,384,44.62074279785156,0.0003,0.2,0.7064333558082581,9510,-0.012486676499247552,0.013084934,77.69484314918517,-0.8778692595660686,0.152001953125
312.16,948224,-18.771,2465,463,384,16.024229049682617,0.0003,0.2,0.8521574139595032,9520,-0.01844273560709553,0.022734426,40.613856261968614,-0.8846612757071852,0.17978515625
313.62,950272,-19.409000000000002,2469,464,384,49.81522750854492,0.0003,0.2,0.7667906284332275,9530,-0.018088357089436614,0.011501262,94.09361381530762,-0.8954363895580173,0.167041015625
314.0,952320,-19.945,2474,465,384,39.28794479370117,0.0003,0.2,0.7581955194473267,9540,-0.016806178591650678,0.009731324,92.83874675035477,-0.836878770403564,0.11826171875
311.05,954368,-19.083,2479,466,384,42.522560119628906,0.0003,0.2,0.6719180345535278,9550,-0.01258424106745224,0.01050638,67.66675940752029,-0.8576106084510684,0.105517578125
307.26,956416,-17.282,2484,467,384,19.007858276367188,0.0003,0.2,0.755525529384613,9560,-0.015263858889375115,0.023894636,43.3798248052597,-0.8811802696436644,0.211328125
310.1,958464,-19.002,2489,468,384,52.12862014770508,0.0003,0.2,0.7238402366638184,9570,-0.01663397265947424,0.014164126,80.9915432035923,-0.8328722503036261,0.14296875
309.34,960512,-18.201,2494,469,384,3.543802261352539,0.0003,0.2,0.8656623959541321,9580,-0.017741066090820823,0.023743674,14.606042759120465,-0.9581509318202734,0.263525390625
311.8,962560,-19.487,2500,470,385,59.06145477294922,0.0003,0.2,0.707642674446106,9590,-0.011470557525171898,0.009656431,96.78512067198753,-0.7940018348395824,0.0873046875
305.9,964608,-16.261000000000003,2505,471,385,46.69050979614258,0.0003,0.2,0.7257647514343262,9600,-0.016108115753013408,0.0082363505,73.25468863248825,-0.8512287583202124,0.129638671875
305.67,966656,-16.08,2510,472,385,37.63105392456055,0.0003,0.2,0.6566294431686401,9610,-0.014741751538531389,0.011906446,82.41070742607117,-0.8282290397211909,0.093212890625
302.74,968704,-14.78,2516,473,384,40.24824905395508,0.0003,0.2,0.7774733304977417,9620,-0.015886406261415686,0.014399767,73.7389082789421,-0.8351381504908204,0.145947265625
303.66,970752,-15.220999999999998,2522,474,384,45.836708068847656,0.0003,0.2,0.7439776659011841,9630,-0.017091736823203973,0.016572906,106.1408640742302,-0.8472800107672811,0.1765625
305.31,972800,-15.79,2527,475,384,10.044021606445312,0.0003,0.2,0.7410615682601929,9640,-0.018873398152936715,0.02225713,44.02675305902958,-0.900556668639183,0.20322265625
309.39,974848,-18.229,2532,476,384,12.724535942077637,0.0003,0.2,0.7397865653038025,9650,-0.015528149378951639,0.018356573,93.72382326722145,-0.8988780457526445,0.180517578125
310.02,976896,-18.789,2538,477,384,6.177252292633057,0.0003,0.2,0.836827278137207,9660,-0.013164354911714327,0.029233938,30.00653315037489,-0.9245992936193943,0.273046875
312.46,978944,-20.5,2543,478,384,7.955744743347168,0.0003,0.2,0.824680745601654,9670,-0.012270282952522393,0.024972362,37.35781991034746,-0.8881901487708092,0.2255859375
315.53,980992,-22.403000000000002,2549,479,384,10.071036338806152,0.0003,0.2,0.7723153829574585,9680,-0.010242497756553347,0.018508822,48.1733639895916,-0.9088577218353748,0.19248046875
316.2,983040,-22.565,2556,480,384,7.141806602478027,0.0003,0.2,0.7956708073616028,9690,-0.014680157882685308,0.018489588,58.47117164731026,-0.9172317249700427,0.22392578125
317.16,985088,-23.502999999999997,2562,481,384,29.748611450195312,0.0003,0.2,0.6779571771621704,9700,-0.016954167181393132,0.012501772,99.42373208999634,-0.8741711663082242,0.160595703125
319.13,987136,-24.201000000000004,2569,482,384,36.3129997253418,0.0003,0.2,0.735012412071228,9710,-0.01725466238131048,0.022514205,59.29590645134449,-0.9644359422847628,0.270703125
322.18,989184,-25.5,2575,483,384,17.562448501586914,0.0003,0.2,0.728838324546814,9720,-0.013287049658538308,0.015966002,81.46606473326683,-0.866422513872385,0.165625
320.47,991232,-24.772000000000002,2580,484,384,2.071614980697632,0.0003,0.2,0.8535841107368469,9730,-0.012771928493748419,0.039474115,28.065605241060258,-0.9289051327854395,0.280517578125
321.07,993280,-25.055999999999997,2585,485,384,15.436899185180664,0.0003,0.2,0.8184963464736938,9740,-0.015326214118977078,0.016748017,49.620145353674886,-0.8918113781139254,0.1900390625
324.52,995328,-26.655,2590,486,384,100.33039855957031,0.0003,0.2,0.571447491645813,9750,-0.014604516536201118,0.0060885977,165.32271152734756,-0.8109566740691662,0.077880859375
324.87,997376,-26.695,2595,487,384,40.82794189453125,0.0003,0.2,0.5783897638320923,9760,-0.016058403297211043,0.009858763,104.96187376976013,-0.9407463835552334,0.08447265625
324.8,999424,-26.561000000000007,2600,488,384,83.48319244384766,0.0003,0.2,0.6415209770202637,9770,-0.015285370976198465,0.0085835755,108.30745683312416,-0.8505948899313808,0.08701171875
332.86,1001472,-30.834,2605,489,384,27.78392791748047,0.0003,0.2,0.6307300329208374,9780,-0.01660352445906028,0.010052662,95.2391660273075,-0.8707449804991484,0.136865234375
