time/fps,rollout/ep_rew_mean,rollout/ep_len_mean,time/total_timesteps,time/time_elapsed,time/iterations,train/policy_gradient_loss,train/approx_kl,train/clip_fraction,train/clip_range,train/value_loss,train/n_updates,train/learning_rate,train/loss,train/entropy_loss,train/explained_variance
551,32.833333333333336,220.88888888888889,2048,3,1,,,,,,,,,,
485,39.37894736842105,211.10526315789474,4096,8,2,-0.02233330448216293,0.018069861,0.187451171875,0.2,18.4913813367486,4910,0.0003,3.721440315246582,-0.7703964820131659,0.8231227397918701
463,55.47352941176471,179.85294117647058,6144,13,3,-0.02316854673990747,0.013998978,0.1640625,0.2,17.661091022193432,4920,0.0003,5.357822895050049,-0.6959330344572663,0.8811968564987183
454,56.59347826086958,176.82608695652175,8192,18,4,-0.019293808142538182,0.011410106,0.110302734375,0.2,20.142511209845544,4930,0.0003,7.463904857635498,-0.5149283107370138,0.9116737842559814
450,57.87241379310345,175.01724137931035,10240,22,5,-0.01713940929475939,0.018616578,0.155078125,0.2,12.42375401929021,4940,0.0003,4.498456954956055,-0.6169808304868638,0.9287288784980774
447,53.122727272727275,183.96969696969697,12288,27,6,-0.023609254363691434,0.016125107,0.1376953125,0.2,15.480091434717178,4950,0.0003,5.587629318237305,-0.6170105950906872,0.9414228200912476
445,51.568000000000005,186.41333333333333,14336,32,7,-0.017097733027185313,0.018188726,0.182275390625,0.2,12.342354336380959,4960,0.0003,3.136962890625,-0.8051350641995668,0.9334445595741272
442,50.490697674418605,188.9418604651163,16384,37,8,-0.013734583240875509,0.016160697,0.168408203125,0.2,14.377192254364491,4970,0.0003,5.703319549560547,-0.7673823371529579,0.9430612325668335
429,52.019191919191904,186.15151515151516,18432,42,9,-0.02163744970894186,0.01549308,0.159814453125,0.2,17.09921778142452,4980,0.0003,5.242884635925293,-0.6675284064374865,0.9515237808227539
431,53.738,182.69,20480,47,10,-0.022282208580872976,0.013032932,0.13212890625,0.2,23.942434148490428,4990,0.0003,10.159082412719727,-0.6281904964707792,0.9404283165931702
431,54.132999999999996,180.79,22528,52,11,-0.011970268133154605,0.017838646,0.147314453125,0.2,15.187692326307296,5000,0.0003,5.710268974304199,-0.6027285704389215,0.942915678024292
431,51.25200000000001,186.21,24576,56,12,-0.01763309283560375,0.013828222,0.127783203125,0.2,23.780056004226207,5010,0.0003,6.942763805389404,-0.6160347274504602,0.9314548373222351
430,49.64200000000001,189.74,26624,61,13,-0.01947580131018185,0.020044196,0.15849609375,0.2,15.855777248740196,5020,0.0003,3.7478952407836914,-0.6502906097099185,0.9366570711135864
429,49.15199999999999,190.36,28672,66,14,-0.019128230423666535,0.014904587,0.14970703125,0.2,22.99762954711914,5030,0.0003,6.851688861846924,-0.6051924313418567,0.9383813738822937
428,49.09299999999999,187.36,30720,71,15,-0.0207747401407687,0.017630743,0.16650390625,0.2,13.967189159989356,5040,0.0003,5.310290813446045,-0.7165081735700369,0.9371064305305481
423,53.04299999999999,179.91,32768,77,16,-0.01726792844128795,0.015597906,0.159814453125,0.2,15.447582215070724,5050,0.0003,5.332735061645508,-0.6991659604012966,0.9325368404388428
423,53.84800000000001,176.32,34816,82,17,-0.017121452308492734,0.015076369,0.11806640625,0.2,12.95254568308592,5060,0.0003,4.603052139282227,-0.5350737228989602,0.9465804100036621
424,51.034000000000006,181.24,36864,86,18,-0.007693539981846698,0.016176488,0.16533203125,0.2,12.516977965831757,5070,0.0003,7.239981174468994,-0.6278638347983361,0.9211087226867676
423,51.78300000000002,180.03,38912,91,19,-0.012120466280612164,0.016513053,0.139599609375,0.2,18.09398158788681,5080,0.0003,6.591357231140137,-0.6024328720755875,0.9369220733642578
423,54.007000000000005,176.28,40960,96,20,-0.02367365728423465,0.015939586,0.140576171875,0.2,16.26823617964983,5090,0.0003,3.2674789428710938,-0.5598578091710806,0.9475895762443542
423,54.705,175.01,43008,101,21,-0.012629069495596923,0.015997259,0.109423828125,0.2,16.127475066483022,5100,0.0003,6.300021171569824,-0.5167387993074953,0.945878803730011
424,54.54599999999999,175.67,45056,106,22,-0.018759442178998144,0.021349505,0.14833984375,0.2,13.343927255272865,5110,0.0003,4.659231662750244,-0.6238048908300697,0.9516438841819763
424,59.428999999999995,169.73,47104,110,23,-0.017190078416024334,0.017569998,0.164453125,0.2,17.681229473650454,5120,0.0003,5.425418376922607,-0.7344637831673027,0.9482038617134094
425,54.79300000000001,175.04,49152,115,24,-0.01355105462425854,0.013876297,0.151220703125,0.2,12.118278037011624,5130,0.0003,3.513140916824341,-0.5606425158679486,0.9070799350738525
425,53.58,177.16,51200,120,25,-0.020226830217870882,0.023596998,0.151513671875,0.2,12.272076576948166,5140,0.0003,5.2920241355896,-0.5717519663274289,0.9541507363319397
426,55.756,174.43,53248,124,26,-0.0111613413260784,0.01317285,0.12001953125,0.2,14.694787831604481,5150,0.0003,4.7070746421813965,-0.5776245350949466,0.9568430781364441
425,54.618,176.12,55296,129,27,-0.014933445525821298,0.01654249,0.1345703125,0.2,13.279762852191926,5160,0.0003,3.190633535385132,-0.5854570161551237,0.9409158825874329
421,53.686000000000014,176.04,57344,136,28,-0.015226800029631704,0.022988847,0.175634765625,0.2,11.804900498688221,5170,0.0003,2.9383866786956787,-0.6859879216179252,0.9292822480201721
422,49.588999999999984,183.88,59392,140,29,-0.012623455570428632,0.015406785,0.155419921875,0.2,8.82712493687868,5180,0.0003,2.536026954650879,-0.5305645009502769,0.9230667352676392
422,52.505,177.57,61440,145,30,-0.012497457407880575,0.014888322,0.152978515625,0.2,8.566260629519821,5190,0.0003,2.1018011569976807,-0.6913061082363129,0.9451800584793091
422,55.093999999999994,172.83,63488,150,31,-0.01824041596701136,0.012216538,0.123388671875,0.2,11.109568810462951,5200,0.0003,3.378164052963257,-0.5035720416344702,0.9500489234924316
421,58.438,170.27,65536,155,32,-0.01881576435698662,0.01751021,0.122314453125,0.2,12.318856737017631,5210,0.0003,7.785985946655273,-0.44645862486213445,0.9573248624801636
421,57.495,171.94,67584,160,33,-0.016811025132483337,0.019995138,0.170361328125,0.2,8.963891246169805,5220,0.0003,1.4568357467651367,-0.6606430554762482,0.9587473273277283
421,57.133,173.0,69632,165,34,-0.020586728811031206,0.01813056,0.146728515625,0.2,10.16469593346119,5230,0.0003,3.318207263946533,-0.5965190794318914,0.9607490301132202
421,56.592000000000006,173.94,71680,169,35,-0.015655331483867486,0.017012926,0.1658203125,0.2,10.25924613326788,5240,0.0003,2.7721376419067383,-0.6345044804736972,0.9572603702545166
422,59.77400000000001,169.24,73728,174,36,-0.016499421918706503,0.011395347,0.111962890625,0.2,17.50965447127819,5250,0.0003,8.09399700164795,-0.5648056972771883,0.9633945226669312
422,59.597,171.03,75776,179,37,-0.01458344106504228,0.016066004,0.1265625,0.2,14.609161606431007,5260,0.0003,4.546238422393799,-0.587012214679271,0.9452865719795227
421,59.394000000000005,172.01,77824,184,38,-0.019515001226682215,0.022199709,0.178564453125,0.2,13.01099771335721,5270,0.0003,5.971096992492676,-0.6688348880037666,0.9525824785232544
420,58.818999999999996,173.14,79872,190,39,-0.01733373103197664,0.015484458,0.121337890625,0.2,10.594021744281054,5280,0.0003,2.363938570022583,-0.5120960882864892,0.9595620036125183
419,58.83399999999999,172.85,81920,195,40,-0.01504127907101065,0.018629968,0.1638671875,0.2,8.49488089978695,5290,0.0003,2.231290817260742,-0.5538817958906292,0.9472886919975281
417,55.53200000000001,178.96,83968,200,41,-0.021139043563744055,0.01866085,0.139013671875,0.2,13.795140080153942,5300,0.0003,5.8690876960754395,-0.6323934339918196,0.9472015500068665
417,52.464,185.36,86016,206,42,-0.016232251502515282,0.022241967,0.179296875,0.2,10.76521417722106,5310,0.0003,2.8822367191314697,-0.7442056003957986,0.9494523406028748
417,52.508,186.13,88064,211,43,-0.021597570218727925,0.018492764,0.185400390625,0.2,12.646300357580184,5320,0.0003,3.0689167976379395,-0.8521444782614708,0.9615681171417236
417,50.725999999999985,189.18,90112,215,44,-0.015647622478718405,0.012238572,0.126806640625,0.2,20.50585863739252,5330,0.0003,6.775879383087158,-0.6547383913770318,0.936063289642334
416,49.54499999999999,191.37,92160,221,45,-0.01855752517149085,0.01754715,0.140087890625,0.2,16.5453791230917,5340,0.0003,5.9218597412109375,-0.6801532581448555,0.9478833079338074
416,52.589,185.44,94208,226,46,-0.02035196222132072,0.015877724,0.124951171875,0.2,21.541548596322535,5350,0.0003,6.389276504516602,-0.6132686163298786,0.938012957572937
416,50.59700000000001,188.59,96256,231,47,-0.017207065848924685,0.014886992,0.12216796875,0.2,18.555267752707003,5360,0.0003,6.093905925750732,-0.5520610211417079,0.9332715272903442
415,52.58,184.71,98304,236,48,-0.022245792899047954,0.020649612,0.15966796875,0.2,15.826909632980824,5370,0.0003,6.202338218688965,-0.6234630480408668,0.9365264177322388
415,54.07899999999999,181.86,100352,241,49,-0.022495083439571316,0.01058348,0.108544921875,0.2,16.134113962948323,5380,0.0003,3.1276040077209473,-0.42189015839248895,0.946590781211853
415,54.44500000000001,180.29,102400,246,50,-0.023036766111908948,0.015761292,0.131103515625,0.2,16.31541906297207,5390,0.0003,5.099737167358398,-0.5394354411400855,0.9399746060371399
415,57.206,174.32,104448,251,51,-0.02050371792865917,0.031966668,0.204052734375,0.2,10.234705958515406,5400,0.0003,3.0340495109558105,-0.7171195339411497,0.9256089925765991
416,57.16400000000001,174.94,106496,255,52,-0.01948137959552696,0.02107005,0.168017578125,0.2,11.726016646623611,5410,0.0003,4.6897664070129395,-0.6379202851094306,0.9431086778640747
416,57.187,173.85,108544,260,53,-0.02050384674439556,0.015935084,0.141015625,0.2,16.217851056158544,5420,0.0003,9.805717468261719,-0.6719050827436149,0.9435040950775146
415,53.926,180.72,110592,265,54,-0.018103395790967626,0.019306408,0.17001953125,0.2,11.472686830163003,5430,0.0003,2.2434356212615967,-0.6464042050763965,0.9508978128433228
415,49.50200000000001,188.27,112640,271,55,-0.020722743224177977,0.019406367,0.198828125,0.2,17.051657864451407,5440,0.0003,5.0034332275390625,-0.753345781750977,0.939296305179596
415,47.972,190.26,114688,276,56,-0.015434123258455657,0.017485697,0.15966796875,0.2,14.762264224886895,5450,0.0003,5.335596084594727,-0.7446584179997444,0.9613655805587769
415,45.535999999999994,195.0,116736,280,57,-0.016982380596891743,0.019798256,0.19189453125,0.2,18.482746771723033,5460,0.0003,7.763725757598877,-0.7248004222288728,0.9364752173423767
416,42.336000000000006,200.18,118784,285,58,-0.012386346665152814,0.0130790435,0.11396484375,0.2,20.776133985072374,5470,0.0003,8.873123168945312,-0.5490251866169273,0.9469659924507141
416,45.103,194.48,120832,290,59,-0.016077009026776067,0.023593478,0.140966796875,0.2,21.22745177000761,5480,0.0003,4.023082256317139,-0.6550222306512297,0.9235033988952637
416,49.979000000000006,186.2,122880,294,60,-0.012480024219257757,0.014695341,0.108251953125,0.2,16.52414899766445,5490,0.0003,6.8442463874816895,-0.46394504625350236,0.9437105059623718
416,46.73799999999999,188.43,124928,299,61,-0.012518223786901216,0.011354102,0.103857421875,0.2,12.725909683853388,5500,0.0003,4.259014129638672,-0.4697822564281523,0.9172758460044861
416,48.72,185.24,126976,304,62,-0.016789515018172097,0.023191852,0.19599609375,0.2,8.677076362818479,5510,0.0003,2.3193418979644775,-0.7205280316993594,0.9341173768043518
417,55.383,172.66,129024,309,63,-0.014604544786561747,0.009719778,0.104443359375,0.2,17.280604557693003,5520,0.0003,7.025224208831787,-0.5088310644030571,0.9376517534255981
417,58.025,167.92,131072,314,64,-0.017770734256191644,0.015840013,0.13232421875,0.2,12.087665912508964,5530,0.0003,4.081328868865967,-0.499494098033756,0.9515654444694519
416,53.562,176.65,133120,319,65,-0.021967097680317238,0.021913454,0.171044921875,0.2,13.175891978293658,5540,0.0003,5.161308765411377,-0.5961979079060257,0.9445505142211914
416,52.912,177.88,135168,324,66,-0.021617468788463157,0.03616368,0.199658203125,0.2,11.40435380116105,5550,0.0003,2.5277175903320312,-0.779237373918295,0.9524211883544922
416,53.815999999999995,176.72,137216,329,67,-0.01455811481573619,0.01959984,0.132763671875,0.2,22.165318922698496,5560,0.0003,9.21745777130127,-0.6772762889973819,0.9540269374847412
416,49.651,184.77,139264,334,68,-0.019687437126412986,0.015173753,0.1671875,0.2,21.892042036354542,5570,0.0003,9.956984519958496,-0.6798439630307257,0.9453772306442261
416,44.992,193.97,141312,339,69,-0.012917202959943096,0.016914368,0.15615234375,0.2,24.539488872885705,5580,0.0003,6.7232513427734375,-0.6599749761633575,0.9491932392120361
417,47.462999999999994,191.65,143360,343,70,-0.018296926106268076,0.022028722,0.1728515625,0.2,22.208491697907448,5590,0.0003,7.727934837341309,-0.6872860312461853,0.9443839192390442
417,49.388999999999996,187.53,145408,348,71,-0.013251408125506714,0.016992187,0.14013671875,0.2,27.127344551682473,5600,0.0003,10.271150588989258,-0.5489705780521035,0.9359621405601501
417,46.07999999999999,194.43,147456,353,72,-0.014098344639933202,0.014307118,0.1322265625,0.2,19.138682074844837,5610,0.0003,4.706192970275879,-0.4748441529460251,0.9147821664810181
417,45.54599999999999,195.52,149504,357,73,-0.012849628266121727,0.022006508,0.16806640625,0.2,14.466720367968083,5620,0.0003,4.603104591369629,-0.6142620672471821,0.9346750378608704
415,51.13399999999999,184.57,151552,364,74,-0.015144939799210989,0.023602227,0.175244140625,0.2,15.166602118313312,5630,0.0003,5.457748889923096,-0.6275292875245213,0.9376114010810852
415,55.102,176.68,153600,369,75,-0.017578741296892984,0.014946154,0.140478515625,0.2,15.008191624283791,5640,0.0003,4.710361957550049,-0.47960331551730634,0.9274090528488159
415,54.37999999999999,178.42,155648,374,76,-0.010375184711301699,0.02270437,0.135302734375,0.2,10.779699170589447,5650,0.0003,5.751395225524902,-0.44770658351480963,0.9340175986289978
415,59.86900000000001,168.01,157696,379,77,-0.024795995722524822,0.02582698,0.227880859375,0.2,8.195238376408815,5660,0.0003,2.0887017250061035,-0.7842160252854228,0.9442111253738403
414,57.718,172.41,159744,384,78,-0.020152838599460664,0.017120691,0.114306640625,0.2,13.008331363648177,5670,0.0003,5.2202887535095215,-0.43259313702583313,0.9539116024971008
415,55.669000000000004,176.33,161792,389,79,-0.014784203757881188,0.019078342,0.168896484375,0.2,12.773506198823451,5680,0.0003,3.648287534713745,-0.681962626427412,0.9506053924560547
415,54.433,178.85,163840,394,80,-0.01343307866336545,0.015455775,0.1447265625,0.2,16.056318531930447,5690,0.0003,3.225468158721924,-0.6138400172814726,0.9467923045158386
415,53.312999999999995,180.22,165888,399,81,-0.010008787171682344,0.011627201,0.121484375,0.2,15.816516517102718,5700,0.0003,3.627319574356079,-0.6594306202605367,0.9460866451263428
415,56.474000000000004,174.71,167936,404,82,-0.017801712558139116,0.016141467,0.1556640625,0.2,13.335493694245816,5710,0.0003,3.654780149459839,-0.6007492309436202,0.9453191757202148
415,54.757000000000005,178.37,169984,408,83,-0.022117200271168258,0.01623005,0.11103515625,0.2,12.939055733382702,5720,0.0003,2.7084710597991943,-0.3917332602199167,0.9419516921043396
415,50.065999999999995,185.42,172032,414,84,-0.016231278899067548,0.01563523,0.156787109375,0.2,12.957556945085525,5730,0.0003,4.46814489364624,-0.6422531842254102,0.9501678943634033
414,52.748999999999995,180.45,174080,419,85,-0.01615026721119648,0.026040707,0.178466796875,0.2,11.830485490709544,5740,0.0003,2.900416851043701,-0.6010982594452798,0.9233638048171997
414,48.92999999999999,187.33,176128,424,86,-0.018332917506631928,0.016051369,0.145556640625,0.2,22.289485973119735,5750,0.0003,6.405892848968506,-0.6561269730329513,0.9414401650428772
415,50.501000000000005,184.59,178176,429,87,-0.01756613140460104,0.027778404,0.173388671875,0.2,15.69195049405098,5760,0.0003,5.695525169372559,-0.6224125319160521,0.9456246495246887
415,49.51,186.37,180224,434,88,-0.019535315078974234,0.011577636,0.114306640625,0.2,22.56032837033272,5770,0.0003,6.500514030456543,-0.5323759791441262,0.9503489136695862
415,52.75499999999999,179.8,182272,438,89,-0.016139037458924577,0.019677952,0.18740234375,0.2,27.388412576913833,5780,0.0003,6.425091743469238,-0.7360186755657196,0.9392462372779846
415,49.785999999999994,185.4,184320,443,90,-0.016201364530570573,0.012301039,0.113134765625,0.2,25.623642703890802,5790,0.0003,5.920764446258545,-0.5097139861434699,0.9339208006858826
414,47.069,189.71,186368,449,91,-0.016910514466871973,0.02086692,0.176123046875,0.2,18.363720539957285,5800,0.0003,3.8969993591308594,-0.6688273624517024,0.9417043328285217
413,45.31,193.2,188416,455,92,-0.02123271116724936,0.016384955,0.160107421875,0.2,17.719745851308108,5810,0.0003,2.575552463531494,-0.5577523847110569,0.9230862259864807
410,47.657999999999994,189.89,190464,463,93,-0.012123216364125255,0.022211127,0.169677734375,0.2,15.950570644438267,5820,0.0003,6.181725025177002,-0.6527942100539803,0.9286931157112122
409,46.313,193.4,192512,470,94,-0.015321779556688852,0.0203223,0.156591796875,0.2,13.860074371099472,5830,0.0003,5.940035820007324,-0.637182850856334,0.9293716549873352
406,49.148,188.56,194560,478,95,-0.01962214095838135,0.017911375,0.157421875,0.2,16.148942667245866,5840,0.0003,7.4972662925720215,-0.6400067817419768,0.940796971321106
405,53.425,180.19,196608,485,96,-0.009977406753750983,0.013400263,0.137548828125,0.2,15.96023113578558,5850,0.0003,3.7553040981292725,-0.6112715478986501,0.9384634494781494
401,56.608999999999995,174.31,198656,495,97,-0.020476788841187955,0.01225362,0.091943359375,0.2,13.151328958570957,5860,0.0003,3.529653549194336,-0.3482742534019053,0.9407054781913757
394,59.813,168.86,200704,509,98,-0.009753803592320764,0.01509439,0.1189453125,0.2,10.75036255940795,5870,0.0003,3.452706813812256,-0.4809632195159793,0.9313216805458069
385,57.228,173.69,202752,526,99,-0.020970352047879715,0.023737445,0.167236328125,0.2,7.859397841989994,5880,0.0003,3.3707711696624756,-0.5216423685662448,0.9457038640975952
384,59.81399999999999,168.69,204800,532,100,-0.013470783361117355,0.01967748,0.17314453125,0.2,8.008020488917827,5890,0.0003,3.7418558597564697,-0.6219003379344941,0.9324426651000977
382,55.74500000000001,176.52,206848,540,101,-0.02095926071051508,0.02268826,0.167529296875,0.2,8.828585347533226,5900,0.0003,2.8627402782440186,-0.5720702831633389,0.9491078853607178
380,58.226000000000006,171.56,208896,548,102,-0.021352703706361352,0.026534872,0.212744140625,0.2,10.225487361103296,5910,0.0003,2.44380259513855,-0.739548453874886,0.9456872344017029
379,55.855,176.55,210944,556,103,-0.02303361616068287,0.015793884,0.131591796875,0.2,15.88110780864954,5920,0.0003,5.682451248168945,-0.5138178369961679,0.9562863707542419
377,55.488,177.65,212992,564,104,-0.019108428788604213,0.020325981,0.199072265625,0.2,9.922519912570715,5930,0.0003,2.675588846206665,-0.8150768296793103,0.9559111595153809
375,51.324000000000005,185.83,215040,572,105,-0.020201461789838504,0.013373062,0.133154296875,0.2,21.172238296270372,5940,0.0003,7.054419994354248,-0.5340670398436487,0.9482991099357605
373,50.78199999999999,187.44,217088,581,106,-0.016811532971041744,0.014401337,0.139990234375,0.2,15.863383416831493,5950,0.0003,3.399700880050659,-0.7017479346133768,0.9552584886550903
372,52.07500000000001,184.22,219136,588,107,-0.01728961529006483,0.0110819405,0.1189453125,0.2,21.384754645824433,5960,0.0003,6.743614196777344,-0.5008120400831103,0.941784143447876
370,53.033,183.05,221184,596,108,-0.016431347747857216,0.015393761,0.121875,0.2,12.663268664479256,5970,0.0003,5.661137104034424,-0.4409570949152112,0.9379055500030518
369,52.49300000000001,184.02,223232,604,109,-0.015703928672883193,0.013663158,0.120703125,0.2,18.19498046040535,5980,0.0003,6.028911590576172,-0.5298629894852638,0.9375842809677124
368,53.905,178.25,225280,611,110,-0.020784589124377816,0.017354324,0.163037109375,0.2,12.949903266131878,5990,0.0003,3.0130159854888916,-0.5962421486154199,0.916653573513031
365,51.717000000000006,182.15,227328,621,111,-0.007958614322706125,0.025787022,0.16435546875,0.2,10.10182094052434,6000,0.0003,1.7142252922058105,-0.6118612847290933,0.9104528427124023
364,54.895,175.75,229376,629,112,-0.011870909138815477,0.022506708,0.164306640625,0.2,8.220237116143107,6010,0.0003,4.444771766662598,-0.5694508231244981,0.9379692673683167
363,57.54699999999999,169.71,231424,636,113,-0.021935601344739552,0.023749724,0.169189453125,0.2,9.000252731144428,6020,0.0003,1.7075875997543335,-0.5302675362676382,0.947345495223999
362,55.61,173.72,233472,644,114,-0.014376915903994814,0.016897045,0.148193359375,0.2,11.446138414740563,6030,0.0003,3.2010624408721924,-0.584591097291559,0.9514970183372498
361,54.205,177.06,235520,651,115,-0.017143705405760556,0.017163139,0.1396484375,0.2,13.225454261898994,6040,0.0003,5.07442569732666,-0.5704299443401396,0.9575704336166382
360,49.863,185.03,237568,658,116,-0.012380515709810424,0.016427053,0.13994140625,0.2,8.517057864367962,6050,0.0003,2.858793258666992,-0.6416173049248755,0.9601057767868042
360,48.758,187.35,239616,665,117,-0.023638904375548008,0.028242467,0.17421875,0.2,14.612234663963317,6060,0.0003,6.144248962402344,-0.6255180845968425,0.9625269174575806
359,49.14999999999999,185.85,241664,673,118,-0.016848821261373815,0.013487388,0.134619140625,0.2,14.382954786717892,6070,0.0003,2.7926900386810303,-0.6400435561314225,0.9593229293823242
358,48.86600000000001,189.15,243712,680,119,-0.01781782998004928,0.022485059,0.1302734375,0.2,17.707460632920267,6080,0.0003,4.140822887420654,-0.500493295211345,0.9529313445091248
357,51.595,184.72,245760,688,120,-0.018891849037026988,0.024197834,0.13818359375,0.2,14.645935605466367,6090,0.0003,4.170403003692627,-0.5847261837683618,0.9369329810142517
356,47.041,194.21,247808,695,121,-0.016869731024053182,0.011528736,0.088330078125,0.2,21.794482403993605,6100,0.0003,6.597591400146484,-0.4828288664110005,0.9518482685089111
355,49.49400000000001,190.43,249856,703,122,-0.022872271682717837,0.017019741,0.1595703125,0.2,17.40218535810709,6110,0.0003,7.204801082611084,-0.7065894350409507,0.9285299777984619
354,48.217000000000006,192.69,251904,711,123,-0.012760010575584601,0.012909198,0.130859375,0.2,16.581540708243846,6120,0.0003,4.866913318634033,-0.6298864636570215,0.949318528175354
353,45.893,197.22,253952,718,124,-0.011856557836290449,0.010585209,0.1177734375,0.2,18.879558669030665,6130,0.0003,7.390558242797852,-0.6050467665307224,0.9396897554397583
352,45.401,198.64,256000,725,125,-0.013094342479598708,0.012654621,0.14599609375,0.2,25.476111130416392,6140,0.0003,4.046097278594971,-0.7477358913049101,0.9523479342460632
352,41.513000000000005,203.45,258048,732,126,-0.017500548220414202,0.019788267,0.162109375,0.2,23.238710050284862,6150,0.0003,8.006433486938477,-0.725878382101655,0.946563720703125
351,44.155,199.13,260096,740,127,-0.01186077843158273,0.029750755,0.141064453125,0.2,27.70524999499321,6160,0.0003,7.124375820159912,-0.8322552217170596,0.9587714672088623
350,44.735,198.79,262144,748,128,-0.017130093276500703,0.010083288,0.1171875,0.2,42.56085444092751,6170,0.0003,29.42311668395996,-0.5723743634298444,0.9177588820457458
349,44.642999999999994,199.06,264192,755,129,-0.01775769235464395,0.013760861,0.12353515625,0.2,35.16547496914863,6180,0.0003,11.33749008178711,-0.612591280695051,0.9315087199211121
348,44.06399999999999,200.24,266240,762,130,-0.015601507216342726,0.017099258,0.1591796875,0.2,25.680557565391062,6190,0.0003,9.823737144470215,-0.6105396434664726,0.9147789478302002
348,44.666,196.75,268288,770,131,-0.023840830093831755,0.020103356,0.16796875,0.2,24.446059307456018,6200,0.0003,11.535351753234863,-0.6069901545532048,0.9371132254600525
347,38.99100000000001,203.07,270336,777,132,-0.009487361718493048,0.021400692,0.1486328125,0.2,16.369764044880867,6210,0.0003,7.238116264343262,-0.6087575364857912,0.8763260245323181
346,41.816999999999986,197.63,272384,785,133,-0.01282064684346551,0.029589044,0.190380859375,0.2,8.83029833137989,6220,0.0003,2.298844575881958,-0.833209471963346,0.9533511996269226
346,44.512,191.84,274432,793,134,-0.014411929681955371,0.0152138565,0.115625,0.2,26.024872455000878,6230,0.0003,7.60083532333374,-0.48420042227953675,0.9063400030136108
345,49.04,185.29,276480,800,135,-0.01452167105890112,0.015407015,0.136572265625,0.2,15.52405758202076,6240,0.0003,2.6170830726623535,-0.5746052119880914,0.944895327091217
344,46.705,187.51,278528,808,136,-0.013266134131117723,0.022876676,0.179736328125,0.2,16.440716713666916,6250,0.0003,4.7336907386779785,-0.6434838042594493,0.9306666851043701
343,42.871,194.77,280576,816,137,-0.022787762648658828,0.019748582,0.21171875,0.2,11.772187009453773,6260,0.0003,2.421428918838501,-0.715148224402219,0.9311865568161011
343,41.970000000000006,196.47,282624,823,138,-0.020292617972882,0.025722774,0.17763671875,0.2,14.441631700098515,6270,0.0003,3.211470603942871,-0.6543071207590401,0.9352274537086487
342,40.287000000000006,199.89,284672,831,139,-0.01824001589557156,0.019506793,0.16767578125,0.2,19.46205174177885,6280,0.0003,5.797203540802002,-0.6947026792913675,0.9297862648963928
341,35.495,208.98,286720,838,140,-0.016118094306148124,0.026845321,0.19853515625,0.2,14.188787591457366,6290,0.0003,5.534860134124756,-0.7454851320013404,0.9526121616363525
341,32.902,214.65,288768,846,141,-0.018728661797649693,0.021499673,0.17939453125,0.2,14.764686351269484,6300,0.0003,6.829075813293457,-0.8032283822074533,0.9607425928115845
340,38.771,209.07,290816,853,142,-0.02152561019320274,0.010788964,0.149658203125,0.2,35.58944161236286,6310,0.0003,21.514284133911133,-0.6104464256204665,0.9313898086547852
340,36.591,213.12,292864,860,143,-0.021193978437804618,0.01853374,0.173828125,0.2,24.709030920267104,6320,0.0003,11.014355659484863,-0.6613642076030374,0.8984062075614929
339,33.272000000000006,216.65,294912,868,144,-0.01686961838422576,0.02256728,0.187353515625,0.2,15.462085069715977,6330,0.0003,10.698712348937988,-0.6943766167387366,0.9121811985969543
339,32.59799999999999,217.86,296960,875,145,-0.009777981092338451,0.021608703,0.17041015625,0.2,15.050352016091347,6340,0.0003,3.288512706756592,-0.7467717370018363,0.934312641620636
338,33.123999999999995,214.24,299008,882,146,-0.014611581628560088,0.01643335,0.154052734375,0.2,18.5920276299119,6350,0.0003,7.70770788192749,-0.620881421957165,0.89384526014328
338,37.874,205.69,301056,889,147,-0.012909763812785968,0.01194161,0.1341796875,0.2,20.417976500093935,6360,0.0003,10.59586238861084,-0.5534829155541956,0.8494901657104492
338,33.571,212.97,303104,895,148,-0.01458778655505739,0.017855495,0.144921875,0.2,9.744331486523151,6370,0.0003,2.9121339321136475,-0.5423843045718968,0.9192754626274109
338,44.358000000000004,191.97,305152,900,149,-0.012542534340173005,0.02930384,0.20576171875,0.2,8.765744801610708,6380,0.0003,2.442798137664795,-0.7599312478676439,0.9008368253707886
339,44.99100000000001,190.5,307200,906,150,-0.014578510238789023,0.017022923,0.13017578125,0.2,14.789073108136654,6390,0.0003,6.569550514221191,-0.48180479211732746,0.9419859647750854
339,48.398999999999994,183.92,309248,911,151,-0.023222993794479407,0.016704265,0.1494140625,0.2,13.72018250823021,6400,0.0003,3.845400333404541,-0.5417190107516945,0.944343626499176
339,45.389,188.81,311296,915,152,-0.0193017693789443,0.014482352,0.148828125,0.2,13.16188050955534,6410,0.0003,5.457937240600586,-0.603112337179482,0.9433292150497437
340,47.019,188.74,313344,920,153,-0.018450127294636333,0.027116315,0.226806640625,0.2,14.24447845518589,6420,0.0003,6.454347610473633,-0.7846309395506978,0.9313677549362183
340,47.15999999999999,188.54,315392,925,154,-0.025153125922952314,0.020529326,0.184033203125,0.2,13.028393092751504,6430,0.0003,6.4038896560668945,-0.6480647373944521,0.9427677392959595
341,48.70000000000001,189.0,317440,930,155,-0.016587382489524315,0.01577859,0.135107421875,0.2,17.24003175199032,6440,0.0003,8.266708374023438,-0.5462859530933202,0.9328673481941223
341,47.136,192.77,319488,934,156,-0.01954445198934991,0.025040742,0.175341796875,0.2,14.857399095594882,6450,0.0003,6.251158237457275,-0.6128496831282974,0.9365768432617188
341,44.39299999999999,198.24,321536,940,157,-0.013261926005361602,0.017193753,0.144580078125,0.2,13.819362530857324,6460,0.0003,2.2573697566986084,-0.5232453182339668,0.9304491877555847
342,47.300999999999995,193.68,323584,945,158,-0.012000857960083522,0.022784965,0.20859375,0.2,7.244703255593777,6470,0.0003,2.2712297439575195,-0.7648468170315027,0.9347060322761536
342,41.666000000000004,204.19,325632,950,159,-0.03177925583004253,0.0195577,0.180908203125,0.2,14.990424703061581,6480,0.0003,4.853137016296387,-0.6143185770139098,0.9371045827865601
343,39.49199999999999,208.06,327680,954,160,-0.03135271827923134,0.027670458,0.237158203125,0.2,10.481191419064999,6490,0.0003,1.9963767528533936,-0.7532518828287721,0.9322779178619385
343,39.56,207.99,329728,959,161,-0.019269064019317737,0.016999124,0.17666015625,0.2,13.575210146605968,6500,0.0003,3.2111189365386963,-0.7050098776817322,0.928804337978363
343,48.267999999999994,192.54,331776,966,162,-0.01781658723775763,0.013909731,0.11123046875,0.2,16.36587136387825,6510,0.0003,7.764077186584473,-0.49055921360850335,0.933746337890625
342,49.327,190.96,333824,974,163,-0.015673150210932362,0.012933031,0.11513671875,0.2,13.950932930409909,6520,0.0003,4.642090797424316,-0.4486872266046703,0.9427966475486755
342,48.507999999999996,192.56,335872,981,164,-0.014891757394070736,0.013319968,0.1212890625,0.2,15.184049968421458,6530,0.0003,6.929177284240723,-0.5573542575351894,0.9427523016929626
341,48.047,192.06,337920,988,165,-0.024784006527625024,0.016606718,0.1796875,0.2,12.457824568450452,6540,0.0003,6.624061584472656,-0.6525998735800386,0.9488295316696167
341,48.662,190.73,339968,995,166,-0.018120579997776075,0.015722008,0.176025390625,0.2,10.893692768365145,6550,0.0003,3.2285497188568115,-0.6762588140554726,0.9288811087608337
340,52.678000000000004,182.82,342016,1003,167,-0.022043150440731553,0.015874444,0.16240234375,0.2,20.464424332976343,6560,0.0003,7.643099784851074,-0.6582104621455074,0.9356929063796997
339,57.94200000000001,173.67,344064,1013,168,-0.014466466874000616,0.011622751,0.106103515625,0.2,19.163984447717667,6570,0.0003,5.618276119232178,-0.49161271974444387,0.9366443753242493
337,57.213,174.41,346112,1024,169,-0.020065859476744663,0.01636661,0.1439453125,0.2,14.168125066161156,6580,0.0003,6.069450855255127,-0.5843238136731088,0.9499987363815308
337,57.312,173.37,348160,1031,170,-0.01162291711079888,0.014470026,0.134033203125,0.2,14.3582148745656,6590,0.0003,5.319967746734619,-0.5221546716988087,0.9488335251808167
337,53.573,179.4,350208,1038,171,-0.013571232902177145,0.011932153,0.1140625,0.2,12.159765192866326,6600,0.0003,7.079322814941406,-0.4585330215282738,0.9501469135284424
336,56.382,173.93,352256,1045,172,-0.016614446690073236,0.023030087,0.1755859375,0.2,10.808813617378473,6610,0.0003,3.934629440307617,-0.690233773458749,0.9431770443916321
336,56.654,173.18,354304,1053,173,-0.01953318432206288,0.010170644,0.120556640625,0.2,15.120380188524724,6620,0.0003,4.5306620597839355,-0.4923875636421144,0.9472350478172302
336,63.14099999999999,162.6,356352,1060,174,-0.013217903512122575,0.018376919,0.126708984375,0.2,11.010448002815247,6630,0.0003,3.286320447921753,-0.44855656698346136,0.9541280269622803
335,59.585,167.98,358400,1067,175,-0.01916830089612631,0.020719659,0.15078125,0.2,11.851315125823021,6640,0.0003,4.117236614227295,-0.5421640273183584,0.9523341059684753
335,59.306999999999995,167.87,360448,1074,176,-0.013912751794123324,0.02500093,0.18173828125,0.2,10.127483928203583,6650,0.0003,2.3319921493530273,-0.7037944365292788,0.9346213936805725
335,58.056999999999995,170.8,362496,1079,177,-0.013896272149577272,0.022288982,0.150244140625,0.2,8.53020263761282,6660,0.0003,2.327239513397217,-0.5511049264110625,0.9423180222511292
336,55.053999999999995,175.52,364544,1084,178,-0.019646118754462805,0.02153494,0.168505859375,0.2,8.847214381396771,6670,0.0003,2.6398117542266846,-0.5733808499760926,0.9463325142860413
336,54.323,177.27,366592,1089,179,-0.01587738501257263,0.017816171,0.16171875,0.2,11.338052292913199,6680,0.0003,4.198474407196045,-0.6306375615298748,0.9470641613006592
336,57.12299999999999,171.88,368640,1094,180,-0.014577174483565613,0.017833166,0.14736328125,0.2,12.389796942472458,6690,0.0003,3.6656646728515625,-0.6189022817648947,0.9482380151748657
337,54.614,176.77,370688,1098,181,-0.015987227836740205,0.013838619,0.102099609375,0.2,15.430806566774844,6700,0.0003,5.176472187042236,-0.44504769491031765,0.9484178423881531
337,52.044,181.02,372736,1103,182,-0.01670069371466525,0.015478648,0.16240234375,0.2,13.831557169556618,6710,0.0003,6.748432636260986,-0.6332347198389471,0.9546715021133423
338,50.382,183.37,374784,1108,183,-0.01997360735113034,0.01585418,0.147265625,0.2,12.996562943607568,6720,0.0003,4.173517227172852,-0.5426296967081725,0.9528499841690063
338,50.494,185.08,376832,1113,184,-0.015686908610223326,0.030923534,0.181591796875,0.2,10.043957558274268,6730,0.0003,1.7787628173828125,-0.6105652602389455,0.9428014755249023
338,50.7,185.19,378880,1118,185,-0.01538653004099615,0.020926937,0.16943359375,0.2,15.032479099929333,6740,0.0003,5.694316864013672,-0.6862841822206974,0.9478431940078735
339,50.687999999999995,185.01,380928,1123,186,-0.01616294292616658,0.012010085,0.10869140625,0.2,14.674866892397404,6750,0.0003,5.767406463623047,-0.5358341728337109,0.9539007544517517
339,48.994000000000014,190.4,382976,1128,187,-0.0168887954132515,0.022203606,0.1337890625,0.2,13.910656824707985,6760,0.0003,3.7358012199401855,-0.5333058428950608,0.940752387046814
339,52.95,182.95,385024,1133,188,-0.01707072722929297,0.01860351,0.21005859375,0.2,11.780624920874834,6770,0.0003,4.031644821166992,-0.743925761245191,0.9541665315628052
340,49.659000000000006,189.3,387072,1138,189,-0.011467661497590598,0.009445015,0.07978515625,0.2,15.496540841460227,6780,0.0003,6.575711727142334,-0.36482855342328546,0.9408297538757324
340,46.888000000000005,194.03,389120,1143,190,-0.01384873884235276,0.018636612,0.145947265625,0.2,11.368126799911261,6790,0.0003,2.593693256378174,-0.5577899351716041,0.952884316444397
340,50.690999999999995,186.95,391168,1147,191,-0.01608507791243028,0.017178195,0.164990234375,0.2,11.366227626800537,6800,0.0003,3.0957157611846924,-0.6083983782678842,0.9341791868209839
341,49.17400000000001,190.17,393216,1152,192,-0.009830800999770873,0.016979447,0.13017578125,0.2,13.982465371489525,6810,0.0003,4.8444037437438965,-0.5245868412777781,0.9244984984397888
341,50.76700000000001,186.29,395264,1157,193,-0.019479944925114977,0.013285664,0.1283203125,0.2,12.478080497682095,6820,0.0003,4.246181488037109,-0.5084065148606897,0.9516690969467163
341,55.42199999999999,176.52,397312,1162,194,-0.007203587221738417,0.016280197,0.143896484375,0.2,14.26607741713524,6830,0.0003,6.307551860809326,-0.5621013386175037,0.9436123371124268
342,61.51,163.69,399360,1167,195,-0.015704614127753303,0.015683178,0.079345703125,0.2,10.405763158202172,6840,0.0003,2.3623297214508057,-0.2564508209004998,0.9454634785652161
342,60.57599999999999,165.17,401408,1172,196,-0.013862123346189036,0.013198343,0.121533203125,0.2,9.459342809021473,6850,0.0003,6.563938617706299,-0.3680979310534894,0.9513574838638306
342,64.05699999999999,158.66,403456,1177,197,-0.006182553725375328,0.011906299,0.107958984375,0.2,8.503749568015337,6860,0.0003,2.1782519817352295,-0.42548446655273436,0.9525244235992432
342,65.07900000000001,156.67,405504,1182,198,-0.013885324775765184,0.02498444,0.137890625,0.2,6.562338481098413,6870,0.0003,3.121011734008789,-0.4706563264131546,0.952767014503479
343,68.94900000000001,150.0,407552,1187,199,-0.014492506060923916,0.02329448,0.14150390625,0.2,10.971155164390803,6880,0.0003,4.837148189544678,-0.5279398556798697,0.9583824872970581
343,69.68400000000001,149.43,409600,1191,200,-0.01741070448188111,0.014084485,0.08798828125,0.2,8.700297698378563,6890,0.0003,2.4713807106018066,-0.30857405262067916,0.9724079966545105
343,66.615,155.19,411648,1196,201,-0.013632778203464114,0.025876636,0.188720703125,0.2,9.153552117198705,6900,0.0003,3.0556514263153076,-0.7026366557925939,0.9583779573440552
344,65.73599999999999,156.91,413696,1201,202,-0.0135563989111688,0.015037203,0.1322265625,0.2,10.6874356046319,6910,0.0003,2.4897544384002686,-0.503612759616226,0.9581013917922974
344,62.08299999999999,164.39,415744,1206,203,-0.020079175164573825,0.010691821,0.11357421875,0.2,11.085041496157647,6920,0.0003,3.531592607498169,-0.3748425594065338,0.9599635004997253
344,60.33000000000001,167.63,417792,1211,204,-0.006362224719487131,0.018738266,0.161328125,0.2,9.675178776681424,6930,0.0003,2.8434739112854004,-0.5751676676794887,0.9534735679626465
345,60.488000000000014,167.31,419840,1216,205,-0.010766336758388206,0.022680636,0.1294921875,0.2,11.772847633063794,6940,0.0003,5.425138473510742,-0.5115817482583225,0.9615471363067627
345,60.943000000000005,166.28,421888,1221,206,-0.01940161312231794,0.015360988,0.143798828125,0.2,12.13047162219882,6950,0.0003,3.0756211280822754,-0.493956907838583,0.955635666847229
345,58.60099999999999,170.96,423936,1226,207,-0.013657217945728916,0.014924566,0.122998046875,0.2,9.988576565682887,6960,0.0003,3.6633248329162598,-0.5026349116116762,0.9583806991577148
346,63.486999999999995,161.13,425984,1230,208,-0.019172422068368177,0.01279846,0.140283203125,0.2,12.785835629701614,6970,0.0003,5.0390496253967285,-0.5278420778922737,0.9553210139274597
346,63.019,162.27,428032,1235,209,-0.013054219956393354,0.012609204,0.112353515625,0.2,11.738941781967878,6980,0.0003,4.531494140625,-0.4393315942957997,0.9581913352012634
346,56.753000000000014,172.68,430080,1240,210,-0.019907854734628926,0.019475106,0.155126953125,0.2,13.957100203633308,6990,0.0003,7.066195011138916,-0.6110736658796668,0.9598468542098999
347,59.41200000000001,166.89,432128,1245,211,-0.012736001450684853,0.020411186,0.19384765625,0.2,7.886498692259193,7000,0.0003,1.9094892740249634,-0.7734889963641762,0.9569038152694702
347,53.78199999999999,178.3,434176,1250,212,-0.013729627949942369,0.0107980445,0.121484375,0.2,11.560714355111122,7010,0.0003,3.5457077026367188,-0.4675642576999962,0.9590566158294678
347,54.129000000000005,178.33,436224,1255,213,-0.01564251549571054,0.01765664,0.154345703125,0.2,8.893109034746885,7020,0.0003,2.287907600402832,-0.7413830984383821,0.9593109488487244
347,53.244,180.68,438272,1260,214,-0.016251694849052,0.015740752,0.156298828125,0.2,11.684726812690496,7030,0.0003,2.8890035152435303,-0.6518266565166414,0.9576478004455566
347,52.842000000000006,181.46,440320,1265,215,-0.01890522326430073,0.01344124,0.116259765625,0.2,13.769762799143791,7040,0.0003,4.389803886413574,-0.49678977048024536,0.9538963437080383
348,55.28199999999999,176.86,442368,1270,216,-0.012247206254687625,0.014292718,0.133935546875,0.2,11.850568468123674,7050,0.0003,1.884759783744812,-0.5177187259308994,0.9590856432914734
348,54.155,178.41,444416,1275,217,-0.018092798024008518,0.0149270855,0.12578125,0.2,11.871604864299297,7060,0.0003,3.1373889446258545,-0.4787808322347701,0.9478304982185364
348,58.65300000000001,169.18,446464,1280,218,-0.017984564862854314,0.018023547,0.142578125,0.2,8.790639921277762,7070,0.0003,4.2012200355529785,-0.48992545446380975,0.9393949508666992
349,62.15699999999999,164.52,448512,1285,219,-0.01671770893444773,0.014330294,0.129541015625,0.2,9.86167568564415,7080,0.0003,2.496424436569214,-0.40750467623583975,0.9502022862434387
349,63.202,162.07,450560,1289,220,-0.015232723674853333,0.014680949,0.092529296875,0.2,8.428765748441219,7090,0.0003,3.1017444133758545,-0.3572830795776099,0.9598950147628784
349,63.033,161.45,452608,1294,221,-0.017057856457540765,0.02847666,0.176611328125,0.2,7.534835246950388,7100,0.0003,2.376316547393799,-0.6305575794540346,0.9563888311386108
349,60.49100000000001,164.87,454656,1299,222,-0.017636228678748013,0.01974552,0.1666015625,0.2,9.430418495088816,7110,0.0003,4.916581630706787,-0.6447306538932025,0.9539666175842285
350,58.53799999999999,168.56,456704,1303,223,-0.014068327509448864,0.015413014,0.1734375,0.2,10.915037367492914,7120,0.0003,3.3737728595733643,-0.6384223002009094,0.9440752267837524
350,57.898999999999994,169.88,458752,1308,224,-0.01869525852816878,0.014515388,0.16845703125,0.2,13.82402656301856,7130,0.0003,3.2673158645629883,-0.7185078913345933,0.959058940410614
350,55.285999999999994,174.49,460800,1313,225,-0.017252205319528,0.010951903,0.08720703125,0.2,15.065109837055207,7140,0.0003,5.489352226257324,-0.3665691270492971,0.9553591012954712
351,52.58999999999999,177.37,462848,1317,226,-0.011360834039805923,0.020216398,0.16533203125,0.2,10.113101499527692,7150,0.0003,4.104894161224365,-0.6602126758545637,0.9575989246368408
351,52.411,178.3,464896,1323,227,-0.006497053247585427,0.011962646,0.118115234375,0.2,12.406506872922183,7160,0.0003,6.067804336547852,-0.5853690559975803,0.9477710723876953
351,48.685,185.9,466944,1327,228,-0.02322272579622222,0.025243375,0.1462890625,0.2,11.357811108231544,7170,0.0003,3.186903715133667,-0.49758615586906674,0.959231436252594
351,49.44200000000001,184.75,468992,1333,229,-0.013820850945194252,0.019298587,0.165380859375,0.2,9.406861457973719,7180,0.0003,2.094743013381958,-0.611956843920052,0.9604690074920654
351,52.29199999999999,179.44,471040,1339,230,-0.01935280010511633,0.017300788,0.143994140625,0.2,16.785901992022993,7190,0.0003,3.0483345985412598,-0.5808241816237569,0.9578390121459961
351,50.871,183.06,473088,1344,231,-0.013688779537915252,0.011712735,0.129638671875,0.2,12.297625836730003,7200,0.0003,3.7527143955230713,-0.5133701629005373,0.9489135146141052
352,51.93,181.18,475136,1349,232,-0.01754309560346883,0.014604723,0.175537109375,0.2,15.218916623294353,7210,0.0003,7.019030570983887,-0.648762539587915,0.9575989842414856
352,49.805,185.29,477184,1354,233,-0.019993175806303044,0.015443072,0.13291015625,0.2,19.389576026797293,7220,0.0003,5.780883312225342,-0.611541586369276,0.9567765593528748
352,49.82,186.78,479232,1359,234,-0.014885350273107178,0.015348728,0.1365234375,0.2,17.50501680225134,7230,0.0003,3.6100785732269287,-0.5526037861593067,0.9503369927406311
352,46.253000000000014,192.82,481280,1363,235,-0.012843599208281375,0.015188109,0.134716796875,0.2,18.916741935908796,7240,0.0003,3.0839290618896484,-0.6466149750165642,0.9478598833084106
353,44.902,195.57,483328,1368,236,-0.013410111307166517,0.025127161,0.177294921875,0.2,12.445753298699856,7250,0.0003,3.242182731628418,-0.6872459990903735,0.9558501243591309
353,47.92699999999999,188.98,485376,1373,237,-0.019365367892896758,0.013349833,0.142578125,0.2,17.906776919960976,7260,0.0003,4.686379909515381,-0.596085739415139,0.9521797299385071
353,47.191,190.44,487424,1377,238,-0.009912052447907627,0.009604302,0.078173828125,0.2,16.531492103636264,7270,0.0003,6.321615695953369,-0.36775036780163645,0.9458135366439819
353,47.224,190.37,489472,1382,239,-0.01884274524782086,0.018504832,0.165771484375,0.2,8.893642992526292,7280,0.0003,2.467000961303711,-0.6409155913628638,0.9365488886833191
354,52.88,179.26,491520,1387,240,-0.011561583894945215,0.015723998,0.14462890625,0.2,9.779801781475545,7290,0.0003,2.903167486190796,-0.4939348977059126,0.9459813833236694
354,52.31399999999999,180.6,493568,1392,241,-0.01891109151765704,0.01806458,0.135400390625,0.2,12.122419963777066,7300,0.0003,3.740224599838257,-0.42866825200617314,0.938467800617218
354,53.167,178.24,495616,1396,242,-0.012502555546234362,0.023306036,0.157861328125,0.2,7.220903832837939,7310,0.0003,2.081941843032837,-0.4957733640447259,0.9440977573394775
355,57.90199999999999,168.87,497664,1401,243,-0.01871698298200499,0.021641914,0.165625,0.2,9.074309411644936,7320,0.0003,3.3363521099090576,-0.575016203802079,0.9516851902008057
354,63.239000000000004,161.5,499712,1407,244,-0.016351641200890298,0.01372052,0.1181640625,0.2,10.022004008293152,7330,0.0003,3.7260961532592773,-0.43715649396181105,0.9552886486053467
355,60.437999999999995,167.54,501760,1412,245,-0.009830321875051595,0.012858174,0.11103515625,0.2,12.444162887334823,7340,0.0003,4.061777591705322,-0.4302970572840422,0.9564046263694763
355,65.006,158.47,503808,1417,246,-0.016563382107415238,0.02583581,0.174169921875,0.2,11.063080111891031,7350,0.0003,3.097639560699463,-0.700187845993787,0.9611349105834961
355,61.853,164.31,505856,1422,247,-0.014256614469923079,0.0072329617,0.07509765625,0.2,17.918865846097468,7360,0.0003,8.209976196289062,-0.332303349673748,0.961254894733429
355,60.67100000000001,167.39,507904,1426,248,-0.01527531436586287,0.019669117,0.18486328125,0.2,7.954444370418787,7370,0.0003,2.9236395359039307,-0.6255742580629885,0.9575788974761963
356,65.46699999999998,158.5,509952,1431,249,-0.018578193766006734,0.016586516,0.12646484375,0.2,12.80472577661276,7380,0.0003,1.9953103065490723,-0.5405630189925432,0.9609942436218262
356,64.36200000000001,160.4,512000,1436,250,-0.014742872273200192,0.018534563,0.0783203125,0.2,9.908086369931699,7390,0.0003,3.391929864883423,-0.2688649393152446,0.96218341588974
356,64.241,159.9,514048,1441,251,-0.013142818299820646,0.018637491,0.14931640625,0.2,10.425570975244046,7400,0.0003,4.379349708557129,-0.5294808149337769,0.9607272148132324
356,60.09999999999998,168.39,516096,1446,252,-0.008444101234636037,0.019393545,0.128515625,0.2,8.107340022921562,7410,0.0003,2.309861183166504,-0.4555948045104742,0.9417001605033875
357,60.25400000000001,167.71,518144,1451,253,-0.010751046545919962,0.026665438,0.185107421875,0.2,5.035013718530536,7420,0.0003,1.5402830839157104,-0.7131053609773517,0.9527043104171753
357,57.451,173.56,520192,1455,254,-0.01875026587949833,0.02408455,0.173193359375,0.2,8.55319757014513,7430,0.0003,2.3625807762145996,-0.5580065441317856,0.9567193388938904
357,56.46100000000001,175.68,522240,1460,255,-0.014380433523911051,0.017431736,0.151513671875,0.2,10.735833176970482,7440,0.0003,4.553236484527588,-0.6067515989765525,0.9571056962013245
357,59.025,170.0,524288,1465,256,-0.016677176146185958,0.015803104,0.119189453125,0.2,17.62008298933506,7450,0.0003,5.48624849319458,-0.4400592199526727,0.9495213031768799
357,58.62500000000001,170.88,526336,1471,257,-0.01818418994080275,0.012395521,0.111083984375,0.2,16.925718837976454,7460,0.0003,4.456660270690918,-0.43345230231061577,0.9544634222984314
357,58.142999999999994,171.83,528384,1476,258,-0.024976681410043965,0.014678007,0.139208984375,0.2,11.936834432184696,7470,0.0003,4.052438735961914,-0.4571382821537554,0.9639388918876648
358,61.23699999999999,166.72,530432,1480,259,-0.006619830631825608,0.011448114,0.118505859375,0.2,10.780366119742393,7480,0.0003,4.997135162353516,-0.44595636762678625,0.9610329270362854
358,67.603,153.81,532480,1485,260,-0.017622066334297415,0.0111417705,0.101318359375,0.2,17.552937611937523,7490,0.0003,7.770302772521973,-0.44143984131515024,0.953933835029602
358,66.52399999999999,156.2,534528,1490,261,-0.01247976428567199,0.014536995,0.10126953125,0.2,13.361139531433583,7500,0.0003,3.6525092124938965,-0.3709751707036048,0.9651015996932983
358,69.76899999999999,150.07,536576,1495,262,-0.01526467460062122,0.018995753,0.164306640625,0.2,12.281676171720028,7510,0.0003,7.2784600257873535,-0.6330752601847053,0.9602466225624084
358,65.14800000000001,159.4,538624,1500,263,-0.016668064396071713,0.011356109,0.11953125,0.2,13.548449453711509,7520,0.0003,3.191833972930908,-0.4714115557260811,0.9646672010421753
359,64.609,160.22,540672,1505,264,-0.021189821186999323,0.022293907,0.18544921875,0.2,10.450465943664312,7530,0.0003,2.5632622241973877,-0.6490478323772549,0.9613773822784424
359,60.672,168.18,542720,1511,265,-0.016799099995114374,0.016477752,0.175830078125,0.2,12.411819291114806,7540,0.0003,6.201855182647705,-0.6269489856436848,0.9657754302024841
359,61.14200000000001,166.82,544768,1516,266,-0.015801379368349446,0.014813576,0.131884765625,0.2,15.18061696588993,7550,0.0003,3.5244972705841064,-0.6004243955016136,0.953194797039032
359,58.285999999999994,172.63,546816,1521,267,-0.013342041290889029,0.015052824,0.12109375,0.2,18.302819460630417,7560,0.0003,5.83617639541626,-0.4810231448151171,0.9446490406990051
359,58.646000000000015,172.14,548864,1526,268,-0.015030323385144585,0.017364647,0.142626953125,0.2,12.003733558952808,7570,0.0003,5.805798530578613,-0.555967680271715,0.9407883286476135
359,60.07500000000001,170.12,550912,1531,269,-0.023216548665368465,0.018648773,0.140966796875,0.2,13.45655257999897,7580,0.0003,4.857995986938477,-0.5173114931210876,0.9510337114334106
359,59.848,169.73,552960,1537,270,-0.012745716897188685,0.01718344,0.099755859375,0.2,11.258146388828754,7590,0.0003,2.04850435256958,-0.35556657798588276,0.9483358263969421
359,56.293,175.95,555008,1541,271,-0.017011293745599686,0.025039777,0.18935546875,0.2,9.962275342643261,7600,0.0003,2.0856966972351074,-0.6277765768580139,0.9493114352226257
360,57.05,175.01,557056,1546,272,-0.013918288791319355,0.027074618,0.149853515625,0.2,11.058456791192294,7610,0.0003,3.885227680206299,-0.5684284234419466,0.9451923966407776
360,62.504000000000005,164.67,559104,1551,273,-0.015442754676769255,0.012682749,0.121044921875,0.2,16.671906860172747,7620,0.0003,6.114046573638916,-0.5854031337425113,0.9543555974960327
360,61.988,166.21,561152,1556,274,-0.020361321316158865,0.01000847,0.098681640625,0.2,20.8433950394392,7630,0.0003,3.64339017868042,-0.42162832375615833,0.9591555595397949
360,62.446,165.38,563200,1561,275,-0.010096957605856004,0.015778936,0.124853515625,0.2,8.69835008084774,7640,0.0003,2.118929386138916,-0.5052698635496199,0.9489806890487671
360,58.776,171.86,565248,1566,276,-0.016123350379348266,0.015236383,0.12265625,0.2,12.10664019882679,7650,0.0003,4.214483737945557,-0.5558971609920264,0.9631859064102173
360,56.68900000000001,174.78,567296,1572,277,-0.014034936927782838,0.021174435,0.1931640625,0.2,10.277249114587903,7660,0.0003,2.450235366821289,-0.677614088729024,0.962335467338562
361,53.335,180.46,569344,1576,278,-0.004755420557921752,0.012965546,0.133056640625,0.2,10.39877417832613,7670,0.0003,2.597170114517212,-0.5249014973640442,0.9327520132064819
361,52.451,179.16,571392,1581,279,-0.016774065376375803,0.014636893,0.1478515625,0.2,13.494250567257405,7680,0.0003,3.9710450172424316,-0.5523687058128417,0.945549488067627
361,48.626000000000005,187.01,573440,1585,280,-0.025002748114638963,0.027240127,0.20078125,0.2,18.67462197393179,7690,0.0003,4.842676162719727,-0.7018319042399526,0.9292886257171631
361,50.43299999999999,182.67,575488,1590,281,-0.01683957944624126,0.023150396,0.199462890625,0.2,11.274783605337143,7700,0.0003,3.0912117958068848,-0.7586721273139119,0.9381399154663086
362,47.570999999999984,189.02,577536,1595,282,-0.018531075189821423,0.017799322,0.130859375,0.2,14.242014946043492,7710,0.0003,6.12321138381958,-0.48303614584729077,0.9480530619621277
362,50.25399999999999,183.21,579584,1600,283,-0.01625813625723822,0.015421921,0.135107421875,0.2,13.69567925632,7720,0.0003,5.4673261642456055,-0.5681143414229155,0.9435611367225647
362,52.98500000000001,177.35,581632,1606,284,-0.022000305795518215,0.020380719,0.112890625,0.2,11.741145119071007,7730,0.0003,3.447791576385498,-0.3811166505329311,0.9328821301460266
362,55.838,172.62,583680,1610,285,-0.012641201495716814,0.017434755,0.1255859375,0.2,7.253725235536694,7740,0.0003,1.4015960693359375,-0.39496441120281817,0.9509639143943787
362,53.681999999999995,176.58,585728,1615,286,-0.02692437314253766,0.029230205,0.19580078125,0.2,8.227923112362623,7750,0.0003,3.1578235626220703,-0.6277161597274243,0.946467936038971
362,54.67499999999999,174.19,587776,1620,287,-0.013644306849164423,0.020308185,0.17587890625,0.2,7.062162773683667,7760,0.0003,1.31343674659729,-0.6223366500809788,0.9447565674781799
362,65.122,157.9,589824,1625,288,-0.020585990116524046,0.017450452,0.146923828125,0.2,9.912164398282766,7770,0.0003,2.453026056289673,-0.4534341244958341,0.9594844579696655
363,62.70000000000001,162.02,591872,1629,289,-0.01755985697673168,0.013705289,0.105712890625,0.2,12.289383020997047,7780,0.0003,4.009359359741211,-0.38920389525592325,0.9573813676834106
363,63.27,160.22,593920,1634,290,-0.02121733503008727,0.01946988,0.15263671875,0.2,10.3883436948061,7790,0.0003,4.183132171630859,-0.5322626234963537,0.9575181007385254
363,59.888999999999996,165.77,595968,1641,291,-0.020155934619833716,0.017346658,0.126806640625,0.2,14.205682878196239,7800,0.0003,5.904421806335449,-0.47194990729913117,0.957618772983551
363,54.44999999999999,176.71,598016,1645,292,-0.009946905547985807,0.019096017,0.142529296875,0.2,11.869655490666627,7810,0.0003,5.234909534454346,-0.5674402905628085,0.9538341760635376
363,57.907,170.13,600064,1650,293,-0.019074574744445273,0.022150923,0.202294921875,0.2,10.207101792097092,7820,0.0003,3.7322168350219727,-0.7031704926863312,0.9594274163246155
363,60.38099999999999,166.32,602112,1655,294,-0.018424612190574407,0.0137409,0.0916015625,0.2,12.216828590631485,7830,0.0003,5.762024879455566,-0.33365069716237483,0.9601268768310547
363,56.605999999999995,172.71,604160,1660,295,-0.021556389195029623,0.018804116,0.152978515625,0.2,9.750760021805764,7840,0.0003,3.0643255710601807,-0.5396442905068397,0.9554172158241272
364,58.148,170.43,606208,1665,296,-0.018753388123877814,0.02277084,0.162109375,0.2,10.509005119651556,7850,0.0003,1.806792974472046,-0.6302681929431856,0.9399538040161133
364,56.711999999999996,173.22,608256,1670,297,-0.015056327581987716,0.014586205,0.077099609375,0.2,9.696614738553762,7860,0.0003,3.529697895050049,-0.30917502492666243,0.9602940678596497
364,56.49000000000001,174.5,610304,1676,298,-0.017057096333883238,0.025664683,0.150341796875,0.2,9.669885709881783,7870,0.0003,2.950927734375,-0.4919962455518544,0.9456639289855957
364,60.492999999999995,167.48,612352,1680,299,-0.016745860506489407,0.022045376,0.181005859375,0.2,8.174259569495916,7880,0.0003,1.7741730213165283,-0.6089912802912295,0.944091796875
364,58.661,170.35,614400,1685,300,-0.02822458416048903,0.015517881,0.133447265625,0.2,12.334455558657647,7890,0.0003,3.0046048164367676,-0.3748609949834645,0.9585172533988953
364,60.213999999999984,167.31,616448,1690,301,-0.026184290469973347,0.030839311,0.217138671875,0.2,11.234974670410157,7900,0.0003,3.159118890762329,-0.658180921152234,0.9546604752540588
364,62.228,163.6,618496,1695,302,-0.016619455737236423,0.016619956,0.10458984375,0.2,11.623516131937503,7910,0.0003,2.4923388957977295,-0.3526802791748196,0.9630318880081177
365,59.65600000000001,169.9,620544,1699,303,-0.009108877103426494,0.019127691,0.13203125,0.2,7.672653944790364,7920,0.0003,3.197871685028076,-0.39638422299176457,0.9599387645721436
365,55.42500000000001,177.36,622592,1704,304,-0.017293994428473524,0.030823944,0.23388671875,0.2,5.546803991124034,7930,0.0003,1.1677132844924927,-0.7820656763389706,0.9483819603919983
365,51.90599999999999,182.55,624640,1709,305,-0.022770382153976244,0.03448471,0.2513671875,0.2,9.785955237597227,7940,0.0003,2.061554431915283,-0.6489029851742089,0.9534032344818115
365,53.424,180.07,626688,1715,306,-0.013505622136290186,0.015858885,0.13203125,0.2,11.339882174879312,7950,0.0003,3.4223740100860596,-0.5403554927557707,0.9398390650749207
365,49.097,184.05,628736,1720,307,-0.014684838728862814,0.010052697,0.1255859375,0.2,14.670390689373017,7960,0.0003,3.158644437789917,-0.5422552421689033,0.9581699967384338
365,45.577999999999996,191.9,630784,1724,308,-0.011014254186011384,0.028254656,0.17177734375,0.2,10.297980562597512,7970,0.0003,3.0713210105895996,-0.691897863894701,0.964127242565155
365,42.92800000000001,196.59,632832,1729,309,-0.01993879069777904,0.016255897,0.144580078125,0.2,14.65955560952425,7980,0.0003,5.040424823760986,-0.6400511309504509,0.9559261202812195
366,43.389,196.01,634880,1734,310,-0.01318862053885823,0.023396589,0.20380859375,0.2,7.905118760094046,7990,0.0003,1.288650393486023,-0.6746713724918664,0.9507802724838257
366,40.0,202.63,636928,1739,311,-0.01947871576412581,0.01801501,0.133349609375,0.2,13.058473454415799,8000,0.0003,4.313405513763428,-0.5162125252187252,0.9553484916687012
366,38.108999999999995,206.42,638976,1744,312,-0.018505279117380268,0.022865992,0.177490234375,0.2,12.875832919776439,8010,0.0003,3.5348169803619385,-0.6113838399760425,0.9424856901168823
366,39.900999999999996,200.31,641024,1749,313,-0.016040382078062975,0.01352671,0.122119140625,0.2,12.652632175385952,8020,0.0003,7.383316993713379,-0.47889450965449215,0.9528444409370422
366,44.19200000000001,194.04,643072,1754,314,-0.008103883036528713,0.018819677,0.16318359375,0.2,10.204351653903723,8030,0.0003,2.442957878112793,-0.6824785044416786,0.9423635601997375
366,42.35300000000001,198.42,645120,1759,315,-0.021954911820648702,0.014739034,0.146435546875,0.2,22.046495391428472,8040,0.0003,8.257858276367188,-0.5936448647640645,0.9456672668457031
366,39.847,203.45,647168,1764,316,-0.018437145862844773,0.021060131,0.159033203125,0.2,13.121608044952154,8050,0.0003,6.823801517486572,-0.5461529104039073,0.9548952579498291
366,41.604000000000006,203.77,649216,1769,317,-0.01319535297807306,0.018029302,0.1587890625,0.2,13.992948198318482,8060,0.0003,7.055122375488281,-0.6045595393516123,0.9644232392311096
367,44.48799999999999,198.43,651264,1773,318,-0.013184688471665141,0.046094075,0.17744140625,0.2,10.099194625020028,8070,0.0003,1.7886435985565186,-0.6494753829203546,0.9569701552391052
367,44.678000000000004,198.48,653312,1778,319,-0.015521410577639472,0.009208685,0.106201171875,0.2,19.790856048464775,8080,0.0003,5.0255961418151855,-0.5021064016036689,0.9473210573196411
367,45.507,196.33,655360,1783,320,-0.01594271215290064,0.016195288,0.12802734375,0.2,16.765351846814156,8090,0.0003,5.780110836029053,-0.5752996643073857,0.9490115642547607
367,49.07799999999998,189.82,657408,1788,321,-0.02337309507711325,0.015207477,0.139501953125,0.2,18.16672998517752,8100,0.0003,4.942104339599609,-0.5188186634331942,0.9274891018867493
367,53.87799999999999,183.82,659456,1794,322,-0.020651990332407878,0.013010958,0.137939453125,0.2,17.15026479959488,8110,0.0003,6.314017295837402,-0.4991354327648878,0.9375813007354736
367,50.91400000000001,189.03,661504,1798,323,-0.0188638546722359,0.017320655,0.12802734375,0.2,12.122032679617405,8120,0.0003,3.711129903793335,-0.4147277290932834,0.9363175630569458
367,51.065,188.29,663552,1803,324,-0.01793791740346933,0.022491168,0.19892578125,0.2,9.761886095255614,8130,0.0003,2.188628673553467,-0.7105894106440246,0.9474876523017883
368,55.76,178.22,665600,1808,325,-0.016156123555265366,0.020105675,0.160498046875,0.2,14.38741564899683,8140,0.0003,5.457880973815918,-0.6083454241044819,0.9484155774116516
368,58.64600000000002,173.29,667648,1813,326,-0.015381067505222746,0.011440406,0.11181640625,0.2,15.630483169853687,8150,0.0003,5.41896915435791,-0.4594957984983921,0.9545914530754089
368,58.379000000000005,173.84,669696,1818,327,-0.019848389929393306,0.013939002,0.137744140625,0.2,16.1155509904027,8160,0.0003,5.419404029846191,-0.5069719077087939,0.944853663444519
368,53.655999999999985,182.39,671744,1823,328,-0.020686071005184204,0.020431738,0.20439453125,0.2,13.989438146352768,8170,0.0003,6.141706466674805,-0.7161771396175027,0.9556921720504761
368,50.03,189.6,673792,1828,329,-0.014034476826782338,0.01871713,0.1837890625,0.2,13.901300904899836,8180,0.0003,3.599896192550659,-0.7660268507897854,0.9491484761238098
368,50.48,187.14,675840,1833,330,-0.012131592603691389,0.022675518,0.16005859375,0.2,13.568709716945886,8190,0.0003,5.6116557121276855,-0.7215392967686057,0.9458327889442444
368,47.298999999999985,193.32,677888,1838,331,-0.011099475766241085,0.011456265,0.135107421875,0.2,16.236724373698234,8200,0.0003,4.173225402832031,-0.5219095459207892,0.9440068006515503
368,50.09300000000001,188.43,679936,1842,332,-0.017506335774669424,0.01765827,0.158447265625,0.2,22.822170984745025,8210,0.0003,11.248024940490723,-0.6420967715792358,0.9429559707641602
369,46.70199999999999,194.74,681984,1847,333,-0.01559512478997931,0.012865091,0.12197265625,0.2,18.11573611944914,8220,0.0003,5.95393180847168,-0.48059247629716995,0.9395138025283813
369,45.77799999999999,195.92,684032,1852,334,-0.020227239021915012,0.03152202,0.206689453125,0.2,13.59186582416296,8230,0.0003,3.5351147651672363,-0.7032486362382769,0.9433956742286682
369,42.193000000000005,203.64,686080,1857,335,-0.01801806727598887,0.01794113,0.146875,0.2,21.022248934209347,8240,0.0003,6.461200714111328,-0.65229332735762,0.9444214105606079
369,41.727999999999994,204.61,688128,1862,336,-0.01574445182195632,0.014597414,0.142626953125,0.2,24.070767365396023,8250,0.0003,8.098871231079102,-0.6101254172623157,0.9235983490943909
369,43.533,200.69,690176,1867,337,-0.011254316406848375,0.017898811,0.148291015625,0.2,17.29606242030859,8260,0.0003,3.0230164527893066,-0.6369564783759415,0.9075265526771545
369,50.157,188.25,692224,1872,338,-0.017675225852872244,0.015701108,0.144140625,0.2,13.594999979436398,8270,0.0003,2.527677536010742,-0.5768935928121209,0.9321421384811401
369,49.00699999999999,190.81,694272,1877,339,-0.023370637578773314,0.013003401,0.125732421875,0.2,21.49544408172369,8280,0.0003,7.674310684204102,-0.5481125671416521,0.9195026755332947
369,50.87200000000001,187.79,696320,1882,340,-0.0164933694381034,0.017408494,0.1349609375,0.2,16.583464050292967,8290,0.0003,4.92318058013916,-0.5533276648260653,0.9426836967468262
370,49.687,190.38,698368,1887,341,-0.024020894087152557,0.027623076,0.18740234375,0.2,17.148536954820155,8300,0.0003,4.101708889007568,-0.5865539674647152,0.938442587852478
370,55.705999999999996,179.41,700416,1891,342,-0.021844589061220176,0.017450497,0.132958984375,0.2,15.612824319303035,8310,0.0003,4.007286548614502,-0.559468690212816,0.9445416331291199
370,53.00000000000001,182.89,702464,1896,343,-0.01297001103666844,0.013582079,0.110791015625,0.2,12.528348134458065,8320,0.0003,4.736985206604004,-0.44114340776577593,0.9326445460319519
370,54.082,180.42,704512,1901,344,-0.012664748163660988,0.018719897,0.1814453125,0.2,9.287182388454676,8330,0.0003,2.8807425498962402,-0.6419115168042481,0.9332565665245056
370,55.293,178.48,706560,1907,345,-0.016772161604603753,0.019831965,0.150439453125,0.2,9.77949216887355,8340,0.0003,3.508596658706665,-0.49206411838531494,0.9471580386161804
370,59.383,170.22,708608,1911,346,-0.012746590211463626,0.016821453,0.14814453125,0.2,7.790787054598331,8350,0.0003,2.9552409648895264,-0.49700821097940207,0.9481964707374573
370,58.66799999999999,171.58,710656,1916,347,-0.01913621978892479,0.015106806,0.10107421875,0.2,13.236197429895402,8360,0.0003,6.782864570617676,-0.3901296081952751,0.9633358120918274
370,61.958,165.53,712704,1921,348,-0.020789642150339203,0.02243716,0.14951171875,0.2,9.168797964602708,8370,0.0003,2.1343905925750732,-0.512490672711283,0.9659565687179565
371,62.218999999999994,165.13,714752,1926,349,-0.01897504697262775,0.01643322,0.153515625,0.2,7.5458140186965466,8380,0.0003,1.1714537143707275,-0.49249490788206457,0.9557759761810303
371,60.15,169.39,716800,1930,350,-0.01479683534053038,0.017218007,0.147998046875,0.2,10.534779731929302,8390,0.0003,3.2042994499206543,-0.5511787554249168,0.9625412225723267
371,59.28500000000001,172.55,718848,1935,351,-0.01918464638001751,0.012755668,0.127392578125,0.2,14.863978105783463,8400,0.0003,4.934986114501953,-0.5326899103820324,0.9576399922370911
371,59.84,171.97,720896,1941,352,-0.027076979452976956,0.026948022,0.20908203125,0.2,10.472167612612248,8410,0.0003,4.413147926330566,-0.7477242182940245,0.9561477899551392
371,60.311000000000014,171.31,722944,1946,353,-0.023364554703584874,0.013256438,0.135595703125,0.2,17.18774172216654,8420,0.0003,5.795587539672852,-0.5444092851132154,0.9497676491737366
371,59.31,173.29,724992,1950,354,-0.019707994790951488,0.015863251,0.12275390625,0.2,12.739201359450817,8430,0.0003,3.635256052017212,-0.45376952830702066,0.9476476907730103
371,57.841000000000015,176.28,727040,1955,355,-0.015599054915946908,0.01429183,0.109130859375,0.2,13.966875870525836,8440,0.0003,4.192341327667236,-0.4508337845094502,0.9553359746932983
371,58.318999999999996,175.31,729088,1960,356,-0.01823989735421492,0.018531837,0.143603515625,0.2,12.43926685601473,8450,0.0003,3.1888320446014404,-0.4738085365854204,0.9491634964942932
372,62.688,165.89,731136,1965,357,-0.012665021866268944,0.01386819,0.116796875,0.2,13.072672267258167,8460,0.0003,4.903380870819092,-0.4796631123870611,0.9528017044067383
372,61.98399999999999,165.74,733184,1969,358,-0.018795941646385473,0.011228166,0.1046875,0.2,11.733021104335785,8470,0.0003,5.637596607208252,-0.36185095994733274,0.9586948752403259
372,67.64099999999999,154.61,735232,1974,359,-0.005399508704431355,0.018501716,0.12626953125,0.2,7.578431218862534,8480,0.0003,1.2983747720718384,-0.46495016003027556,0.9468992948532104
372,65.021,159.44,737280,1979,360,-0.018534130946500228,0.012921469,0.12978515625,0.2,13.030754210799932,8490,0.0003,4.154011249542236,-0.4463645627722144,0.9571199417114258
372,62.922,163.45,739328,1984,361,-0.015364143758779392,0.016484547,0.14716796875,0.2,11.294088789075612,8500,0.0003,3.946462869644165,-0.6095803790725768,0.9570895433425903
372,59.79599999999999,169.74,741376,1988,362,-0.018150769466592463,0.02672181,0.1828125,0.2,7.655036605894566,8510,0.0003,2.4277210235595703,-0.6206819939427077,0.9642730355262756
372,62.65699999999999,163.55,743424,1993,363,-0.019720076183148194,0.025667451,0.17744140625,0.2,7.472827266156673,8520,0.0003,2.026853561401367,-0.6659505631774664,0.9606969952583313
373,62.00900000000001,164.61,745472,1998,364,-0.019198894189321435,0.013498804,0.101025390625,0.2,9.1605849057436,8530,0.0003,2.4900994300842285,-0.29993951143696906,0.9677804708480835
373,62.482000000000006,163.63,747520,2003,365,-0.01598732547572581,0.016913565,0.1349609375,0.2,10.398814480751753,8540,0.0003,5.093042373657227,-0.5409150914289057,0.959679365158081
373,62.037,165.82,749568,2008,366,-0.0182811862352537,0.014913701,0.110498046875,0.2,9.62042386457324,8550,0.0003,6.122448444366455,-0.3908306535333395,0.9639990329742432
373,60.34899999999999,169.27,751616,2013,367,-0.012442501373880078,0.021327445,0.15830078125,0.2,7.431589879095554,8560,0.0003,1.873988389968872,-0.5200840811245143,0.9500848054885864
373,54.748999999999995,177.14,753664,2018,368,-0.014258924292516895,0.023207493,0.164453125,0.2,10.935509746521712,8570,0.0003,2.391242265701294,-0.662266141269356,0.9581434726715088
373,59.51599999999999,167.92,755712,2023,369,-0.017298296876833773,0.017562589,0.1828125,0.2,12.36626619771123,8580,0.0003,5.623632431030273,-0.6491192570887506,0.9570925831794739
373,63.989,158.76,757760,2028,370,-0.017448813494411297,0.01024638,0.093798828125,0.2,16.293879541754723,8590,0.0003,5.358532905578613,-0.37120108655653894,0.9475619792938232
373,59.318999999999996,167.52,759808,2032,371,-0.015881833755702245,0.019544158,0.1263671875,0.2,9.193309441953897,8600,0.0003,2.268969774246216,-0.4146558585576713,0.9632357954978943
373,58.212999999999994,169.69,761856,2037,372,-0.01736351577710593,0.022899251,0.1849609375,0.2,9.81971697062254,8610,0.0003,4.250588417053223,-0.692029620334506,0.953175961971283
373,55.785,174.65,763904,2043,373,-0.015454816480632872,0.016331544,0.142822265625,0.2,12.072188633680344,8620,0.0003,4.052039623260498,-0.5247105398215354,0.9513198733329773
373,52.732,180.44,765952,2048,374,-0.016235710465116425,0.017234467,0.15751953125,0.2,13.86368081048131,8630,0.0003,4.520837306976318,-0.6135416561737657,0.960576057434082
374,51.466,183.28,768000,2053,375,-0.016317117093421984,0.017742628,0.16279296875,0.2,10.011051882058382,8640,0.0003,5.302098751068115,-0.6542577250860632,0.9445759654045105
374,48.23000000000001,188.68,770048,2057,376,-0.017633757370640525,0.016661052,0.166064453125,0.2,9.3092780739069,8650,0.0003,2.6099143028259277,-0.6898563208058477,0.9628641605377197
374,49.40700000000001,189.41,772096,2062,377,-0.02234799423313234,0.030113354,0.191796875,0.2,9.269945210963488,8660,0.0003,2.502244472503662,-0.7392807528376579,0.963082492351532
374,46.372,193.98,774144,2066,378,-0.01675082019501133,0.013235191,0.135791015625,0.2,13.602226638048887,8670,0.0003,7.388068199157715,-0.6802775923162698,0.9650800824165344
374,43.99,198.22,776192,2071,379,-0.023747454149997793,0.017758606,0.175146484375,0.2,22.880468371510506,8680,0.0003,9.800168991088867,-0.6432125982828438,0.9404388070106506
374,42.59000000000001,201.29,778240,2077,380,-0.020760216123017018,0.015405987,0.1404296875,0.2,17.852020205557345,8690,0.0003,5.819663047790527,-0.5373493337072432,0.9429686665534973
374,43.745999999999995,198.8,780288,2082,381,-0.01783256656344747,0.01647383,0.140869140625,0.2,18.349000518023967,8700,0.0003,6.468008995056152,-0.5990487463772297,0.9401017427444458
374,42.055,202.22,782336,2087,382,-0.02337205843068659,0.014208058,0.17587890625,0.2,14.67722702845931,8710,0.0003,4.102782249450684,-0.5931364141404629,0.9396104216575623
374,42.518,201.44,784384,2092,383,-0.017090814364200922,0.015503988,0.1603515625,0.2,13.70423519462347,8720,0.0003,4.762932300567627,-0.5993857518769801,0.9393122792243958
375,47.45299999999998,191.52,786432,2096,384,-0.018803160497918726,0.020191647,0.188818359375,0.2,14.366173654794693,8730,0.0003,4.708329677581787,-0.6823010466992855,0.9506286978721619
375,45.644,193.59,788480,2101,385,-0.020881918049417435,0.011030983,0.1095703125,0.2,18.342030104994773,8740,0.0003,8.731473922729492,-0.3819638199172914,0.9438388347625732
375,45.30199999999999,193.67,790528,2106,386,-0.01455462003359571,0.031711068,0.21318359375,0.2,7.912846779823303,8750,0.0003,1.7697265148162842,-0.7567678458988667,0.951866626739502
375,51.64000000000001,182.2,792576,2111,387,-0.01633392405055929,0.018469835,0.1685546875,0.2,18.70445418059826,8760,0.0003,5.046510219573975,-0.6596278944052756,0.9344468116760254
375,49.56500000000001,185.56,794624,2115,388,-0.02188411238603294,0.010315192,0.117236328125,0.2,16.69429480880499,8770,0.0003,3.6621570587158203,-0.44416270377114414,0.9533871412277222
375,51.025,180.68,796672,2121,389,-0.01172709307866171,0.0125547815,0.143212890625,0.2,8.643038931488991,8780,0.0003,2.9957540035247803,-0.5945652676746249,0.9362186193466187
375,48.438,185.36,798720,2126,390,-0.011654508112405893,0.016680807,0.114697265625,0.2,13.355926114320756,8790,0.0003,4.788448333740234,-0.5171179208904505,0.9356523752212524
375,48.258999999999986,185.24,800768,2131,391,-0.012443095148773864,0.014905728,0.145849609375,0.2,10.968523465842008,8800,0.0003,3.9954893589019775,-0.6656564053148031,0.9432148337364197
375,47.666,182.6,802816,2136,392,-0.015945986853330395,0.019473258,0.1705078125,0.2,15.438526612520217,8810,0.0003,4.622319221496582,-0.6045059156604111,0.9498810172080994
375,44.453,185.84,804864,2140,393,-0.006363857764517889,0.016402466,0.143603515625,0.2,9.595992095768452,8820,0.0003,3.5356814861297607,-0.5777774270623922,0.934198260307312
376,48.523,179.4,806912,2145,394,-0.00810973334737355,0.020340662,0.12373046875,0.2,11.929362250864505,8830,0.0003,4.816562652587891,-0.5229404176585376,0.9149150848388672
376,51.549,174.27,808960,2150,395,-0.01104607687011594,0.016476436,0.14091796875,0.2,8.632441019266844,8840,0.0003,3.6649532318115234,-0.48587422976270317,0.9396935105323792
376,56.96000000000001,164.33,811008,2155,396,-0.014738690124067944,0.012971587,0.110009765625,0.2,9.041365429759026,8850,0.0003,3.3762762546539307,-0.3887584508862346,0.9594325423240662
376,59.40500000000001,160.68,813056,2161,397,-0.01069956049323082,0.013372518,0.105224609375,0.2,5.487854202836752,8860,0.0003,1.8215733766555786,-0.3243076412472874,0.9507195949554443
376,64.81300000000002,150.92,815104,2165,398,-0.021683733528334415,0.018195838,0.12587890625,0.2,7.7814153335988525,8870,0.0003,2.6891117095947266,-0.3780087810941041,0.9609759449958801
376,67.83200000000001,145.36,817152,2170,399,-0.015223564523330424,0.015847173,0.11650390625,0.2,8.913936426490546,8880,0.0003,3.677792549133301,-0.4077838396653533,0.9585248827934265
376,67.698,148.92,819200,2175,400,-0.004316650246619247,0.01153029,0.121923828125,0.2,6.1387744344770905,8890,0.0003,1.8425811529159546,-0.5015267638489604,0.9330377578735352
376,68.90700000000001,146.6,821248,2180,401,-0.017130078274203698,0.0154856555,0.134423828125,0.2,8.28970385864377,8900,0.0003,1.9534566402435303,-0.5262555330991745,0.9622014760971069
376,67.383,149.49,823296,2185,402,-0.016107314237160608,0.011240498,0.119189453125,0.2,10.280474443733691,8910,0.0003,4.283947467803955,-0.47040398633107544,0.9638696908950806
376,61.026,157.67,825344,2190,403,-0.013579783176828642,0.016646365,0.153955078125,0.2,9.972982659190894,8920,0.0003,2.960767984390259,-0.6075569328851997,0.9617469310760498
376,58.54300000000001,162.43,827392,2195,404,-0.017929079718305728,0.012648984,0.14228515625,0.2,15.448718053102493,8930,0.0003,3.764482259750366,-0.5884585432708264,0.9593926668167114
376,56.79400000000001,167.14,829440,2200,405,-0.023035516048548744,0.016880332,0.165576171875,0.2,19.953431184589864,8940,0.0003,6.348612308502197,-0.6800928701646626,0.9534907341003418
377,58.813,162.79,831488,2205,406,-0.016505985558615065,0.019589365,0.130517578125,0.2,14.000441448390484,8950,0.0003,5.825197219848633,-0.5039720055647194,0.9552322626113892
377,53.522999999999996,170.0,833536,2209,407,-0.019835213315673172,0.012413844,0.068798828125,0.2,14.576518419384957,8960,0.0003,2.8468825817108154,-0.2767774457577616,0.9550572037696838
377,57.18,165.53,835584,2214,408,-0.01827840433397796,0.025550295,0.17265625,0.2,8.776839834451675,8970,0.0003,1.5164611339569092,-0.5505419068969786,0.9498690962791443
377,55.619,168.79,837632,2219,409,-0.01458545775822131,0.019906396,0.15517578125,0.2,6.5840051278471945,8980,0.0003,2.4828875064849854,-0.4787333669140935,0.9463097453117371
377,52.68999999999999,173.75,839680,2224,410,-0.01963608454389032,0.024698718,0.169287109375,0.2,9.829410791397095,8990,0.0003,2.906883716583252,-0.551769171282649,0.9414387941360474
377,55.332,172.72,841728,2230,411,-0.01909240870299982,0.025073353,0.2,0.2,10.175786156207323,9000,0.0003,1.5066637992858887,-0.749126166664064,0.9522650837898254
377,59.364000000000004,165.46,843776,2234,412,-0.01660619153699372,0.015041004,0.14140625,0.2,10.953835848718882,9010,0.0003,4.455587387084961,-0.5227859904058277,0.9530720114707947
377,59.15599999999999,164.78,845824,2239,413,-0.01397310744287097,0.013434041,0.140234375,0.2,8.317464097589255,9020,0.0003,2.782573938369751,-0.45163679141551255,0.9589179754257202
377,55.677,171.59,847872,2244,414,-0.01818006623943802,0.01513328,0.12802734375,0.2,11.100739531964063,9030,0.0003,3.4822843074798584,-0.41363779818639157,0.955350935459137
377,53.883,175.07,849920,2249,415,-0.020913053429103455,0.016119072,0.146630859375,0.2,12.381061811000109,9040,0.0003,4.386786937713623,-0.5679466461762785,0.9636117815971375
377,58.230999999999995,169.33,851968,2254,416,-0.016808289075561332,0.014082884,0.13828125,0.2,8.402503764629364,9050,0.0003,1.654555320739746,-0.4873696181923151,0.9452584981918335
377,62.31700000000001,161.4,854016,2259,417,-0.01794244609773159,0.017080477,0.11923828125,0.2,8.131508658081293,9060,0.0003,3.9498021602630615,-0.3683250192552805,0.9572739601135254
378,65.72399999999999,154.62,856064,2264,418,-0.008163089708250481,0.011233346,0.091064453125,0.2,6.355881040543318,9070,0.0003,2.7005374431610107,-0.3463231814093888,0.9577102065086365
378,63.71099999999999,159.15,858112,2269,419,-0.014457348619180266,0.016230192,0.163427734375,0.2,5.7758090130984785,9080,0.0003,1.166627287864685,-0.5150459068827331,0.9525085687637329
378,63.299,160.26,860160,2274,420,-0.017948892686399633,0.01545419,0.1396484375,0.2,10.036205542087554,9090,0.0003,3.2100863456726074,-0.5874742067418992,0.9679878354072571
378,64.10300000000001,159.1,862208,2278,421,-0.012658371760335286,0.020395888,0.120703125,0.2,6.736086077988148,9100,0.0003,2.086374282836914,-0.42680346183478834,0.9661492705345154
378,67.345,151.79,864256,2283,422,-0.013686598773347214,0.0128873745,0.13388671875,0.2,5.279023156687617,9110,0.0003,1.648366928100586,-0.47734392853453755,0.9611801505088806
378,64.69500000000001,156.52,866304,2288,423,-0.009081423800671473,0.010624624,0.08955078125,0.2,6.9293126374483105,9120,0.0003,2.5891823768615723,-0.31238552937284114,0.9638973474502563
378,63.55499999999999,159.56,868352,2294,424,-0.015786430099979043,0.025154421,0.15556640625,0.2,5.266726118326187,9130,0.0003,1.2473784685134888,-0.4610450734384358,0.9635388851165771
378,60.20700000000001,165.78,870400,2299,425,-0.01806182981817983,0.013451265,0.132373046875,0.2,9.202750777453184,9140,0.0003,2.7054779529571533,-0.5428223724476993,0.9695633053779602
378,60.788000000000004,165.11,872448,2304,426,-0.022115068981656806,0.022550289,0.179541015625,0.2,9.437866023182869,9150,0.0003,4.723809242248535,-0.6149167712777853,0.9612366557121277
378,62.246999999999986,162.25,874496,2308,427,-0.013877452559245284,0.011743305,0.110009765625,0.2,9.547154825180769,9160,0.0003,2.368664026260376,-0.4389520107768476,0.9648451805114746
378,63.11699999999999,160.48,876544,2313,428,-0.018752753417356872,0.015385036,0.129931640625,0.2,9.590091753005982,9170,0.0003,4.70644474029541,-0.48672432340681554,0.9647429585456848
378,60.132,162.57,878592,2318,429,-0.013918676164757926,0.014236214,0.16015625,0.2,9.827230965346098,9180,0.0003,3.462735176086426,-0.6119617785327136,0.9520387649536133
379,57.659,167.08,880640,2323,430,-0.01635355905891629,0.015538897,0.135546875,0.2,9.428489889204503,9190,0.0003,1.337804913520813,-0.5071212983690202,0.9549065232276917
379,56.988,168.48,882688,2327,431,-0.016282370167027695,0.016902583,0.12900390625,0.2,13.071766064316034,9200,0.0003,3.811994791030884,-0.5906189134344458,0.9563617706298828
379,54.980999999999995,172.4,884736,2332,432,-0.020525303718022768,0.012404719,0.126611328125,0.2,15.629977230727672,9210,0.0003,4.4847798347473145,-0.46545300297439096,0.9557139873504639
379,58.864,165.16,886784,2337,433,-0.01646951833681669,0.012375307,0.1310546875,0.2,12.305266588926315,9220,0.0003,3.772434711456299,-0.5309282276779413,0.9564831256866455
379,58.787000000000006,164.47,888832,2342,434,-0.01906721967534395,0.016864512,0.13974609375,0.2,16.333101741969585,9230,0.0003,7.075844764709473,-0.4658399916253984,0.9554315805435181
379,58.34,164.42,890880,2346,435,-0.018701856501138536,0.026742786,0.13837890625,0.2,12.457742738723756,9240,0.0003,5.2187347412109375,-0.4091065928339958,0.9438247680664062
379,54.317,172.24,892928,2351,436,-0.01642788079479942,0.024654094,0.16328125,0.2,10.553766462206841,9250,0.0003,2.702709913253784,-0.48110905131325127,0.9407771825790405
379,56.396,171.49,894976,2356,437,-0.022984187028487212,0.02720928,0.1984375,0.2,6.848702188953757,9260,0.0003,1.4597562551498413,-0.5903809191659093,0.9469560384750366
379,60.032999999999994,165.07,897024,2361,438,-0.012126027967315166,0.018689582,0.170654296875,0.2,11.679106739163398,9270,0.0003,5.007946968078613,-0.5515964168123901,0.940102756023407
380,57.972,169.22,899072,2365,439,-0.01734159719781019,0.012280934,0.14326171875,0.2,10.353797520697118,9280,0.0003,3.2138888835906982,-0.5057180802337825,0.957260251045227
380,57.64199999999999,168.92,901120,2371,440,-0.0198108721873723,0.02484858,0.174462890625,0.2,8.27334133759141,9290,0.0003,1.5405787229537964,-0.6429648753255606,0.9536411762237549
380,56.62700000000001,170.94,903168,2376,441,-0.013128115853760391,0.01513815,0.1216796875,0.2,9.212980107963086,9300,0.0003,4.851497650146484,-0.46447740457952025,0.951803982257843
380,56.125,172.73,905216,2381,442,-0.025017541849956616,0.01877313,0.167529296875,0.2,8.211441791802645,9310,0.0003,2.3322126865386963,-0.526643736846745,0.9563283324241638
380,53.806999999999995,177.32,907264,2385,443,-0.020977476239204408,0.020362338,0.160009765625,0.2,10.299840823560952,9320,0.0003,3.0298523902893066,-0.567430220451206,0.9555264115333557
380,53.597,177.37,909312,2390,444,-0.012923674963531084,0.013770677,0.140966796875,0.2,8.000634809583426,9330,0.0003,2.731729030609131,-0.5258003983646631,0.9623123407363892
380,55.24099999999999,174.2,911360,2395,445,-0.012288510038342793,0.0153015535,0.14365234375,0.2,9.60715708360076,9340,0.0003,1.6393373012542725,-0.555906911753118,0.9545233845710754
380,57.25900000000001,170.14,913408,2400,446,-0.01172752382408362,0.014251838,0.142138671875,0.2,9.847928017377853,9350,0.0003,3.5784804821014404,-0.5250648033805192,0.9603487253189087
380,60.26299999999999,165.13,915456,2405,447,-0.01322021205269266,0.017716706,0.0970703125,0.2,7.956136620789766,9360,0.0003,2.33066987991333,-0.35344828721135857,0.9505408406257629
380,61.927,162.9,917504,2410,448,-0.020201240104506725,0.023447275,0.148876953125,0.2,6.445805113017559,9370,0.0003,2.6046502590179443,-0.4562543290667236,0.9554015398025513
380,61.916000000000004,162.9,919552,2414,449,-0.010365397954592482,0.013087637,0.128271484375,0.2,8.380409057438374,9380,0.0003,2.8146770000457764,-0.4132277094759047,0.9650452136993408
380,58.86900000000001,168.67,921600,2419,450,-0.018090308029786683,0.024416983,0.18125,0.2,6.504703794419766,9390,0.0003,2.535662889480591,-0.6221741983667016,0.9548928141593933
380,55.39500000000001,174.45,923648,2425,451,-0.010105476227181498,0.0146798715,0.15458984375,0.2,6.973226137459278,9400,0.0003,2.8852076530456543,-0.6664107927121222,0.9583808779716492
380,53.931000000000004,177.44,925696,2430,452,-0.020707497347029858,0.024904694,0.20322265625,0.2,7.943889404088258,9410,0.0003,2.0234007835388184,-0.750697678513825,0.9618593454360962
380,50.724000000000004,182.86,927744,2435,453,-0.02765496675565373,0.019370724,0.143994140625,0.2,11.544164575636387,9420,0.0003,2.139622688293457,-0.5318336466327309,0.9645971655845642
381,52.13099999999999,179.45,929792,2440,454,-0.019236579969583546,0.025639905,0.20283203125,0.2,8.71768634058535,9430,0.0003,3.7233386039733887,-0.7702661588788032,0.9616356492042542
381,50.858000000000004,182.7,931840,2444,455,-0.020405302321887576,0.028346352,0.127587890625,0.2,11.57365649715066,9440,0.0003,2.4362432956695557,-0.3723186039365828,0.9510984420776367
381,49.272999999999996,185.25,933888,2449,456,-0.01031105904985452,0.014003238,0.12666015625,0.2,9.244331685453654,9450,0.0003,5.046026229858398,-0.5254159434698522,0.956996500492096
381,45.382,193.03,935936,2454,457,-0.019351019519672264,0.022996597,0.1728515625,0.2,13.783908698707819,9460,0.0003,3.304900884628296,-0.5923061288893223,0.9599800109863281
381,46.288000000000004,191.25,937984,2459,458,-0.014466999501746614,0.014887749,0.14619140625,0.2,16.552942242473364,9470,0.0003,2.0237882137298584,-0.7241706291213632,0.9597441554069519
381,49.485,184.69,940032,2465,459,-0.021596349020546766,0.012501787,0.11435546875,0.2,23.26126495599747,9480,0.0003,5.674454212188721,-0.4691279470920563,0.9468733668327332
381,51.806000000000004,181.18,942080,2469,460,-0.019821072052582166,0.012441862,0.129931640625,0.2,16.885961973667143,9490,0.0003,4.238015651702881,-0.45151702845469116,0.9472703337669373
381,49.43899999999999,185.47,944128,2474,461,-0.013760815783462022,0.01826958,0.14033203125,0.2,12.32133404687047,9500,0.0003,5.944576263427734,-0.5870244681835175,0.9457110166549683
381,53.84400000000001,178.39,946176,2479,462,-0.023650611072662288,0.023586467,0.1927734375,0.2,9.63177169188857,9510,0.0003,6.456149578094482,-0.6692503165453673,0.9454046487808228
381,52.025,183.67,948224,2484,463,-0.014755003416212276,0.012322177,0.13017578125,0.2,13.50611183717847,9520,0.0003,7.1783976554870605,-0.5384264145046472,0.9508559107780457
381,49.96500000000001,183.99,950272,2489,464,-0.016646581031091047,0.01469512,0.140234375,0.2,11.324282710254192,9530,0.0003,6.432775974273682,-0.5512836894020439,0.955959141254425
381,49.62,184.34,952320,2494,465,-0.013740359750227072,0.017471567,0.12666015625,0.2,16.10844087973237,9540,0.0003,13.979519844055176,-0.6149872742593289,0.9515845775604248
381,51.13400000000001,181.03,954368,2499,466,-0.01295869089954067,0.0115910005,0.112451171875,0.2,21.08363868743181,9550,0.0003,6.2545342445373535,-0.5797510697506368,0.9489380121231079
381,52.14300000000001,179.21,956416,2505,467,-0.013673934567486867,0.0129796835,0.12099609375,0.2,18.354083569347857,9560,0.0003,6.354646682739258,-0.5252125328406692,0.9303089380264282
381,48.598,182.78,958464,2510,468,-0.009461206293781287,0.0149490405,0.14248046875,0.2,10.50471148043871,9570,0.0003,1.9283384084701538,-0.479513243958354,0.9543247222900391
381,47.20099999999999,184.92,960512,2515,469,-0.008958714763866737,0.024916518,0.174072265625,0.2,12.242838543653487,9580,0.0003,4.463651657104492,-0.5821448026224971,0.9150810241699219
381,51.794,175.98,962560,2519,470,-0.01724271147249965,0.017069675,0.1501953125,0.2,12.636349022388458,9590,0.0003,4.618374347686768,-0.5278123203665018,0.948842465877533
382,50.266999999999996,178.97,964608,2524,471,-0.012094637534755748,0.015593225,0.108349609375,0.2,13.975963109731675,9600,0.0003,8.008072853088379,-0.42458279356360434,0.9434303045272827
382,47.019,185.39,966656,2530,472,-0.014898704792722128,0.021906808,0.17939453125,0.2,8.214263217896223,9610,0.0003,3.5809192657470703,-0.7111249390989542,0.9449058175086975
382,51.714,179.75,968704,2535,473,-0.020265784862567672,0.024885112,0.185400390625,0.2,10.422381184250117,9620,0.0003,3.726109504699707,-0.6324871997348964,0.964402437210083
382,55.577,173.11,970752,2540,474,-0.01549524242436746,0.01188296,0.1109375,0.2,10.00763784274459,9630,0.0003,1.9376134872436523,-0.4051243561320007,0.9558570384979248
382,54.312999999999995,175.85,972800,2545,475,-0.016574424164718948,0.016550273,0.11025390625,0.2,10.0175203114748,9640,0.0003,3.9867584705352783,-0.3854440253227949,0.9529568552970886
382,56.738,173.99,974848,2549,476,-0.010710283335356507,0.014765432,0.139697265625,0.2,10.8279866181314,9650,0.0003,3.2844340801239014,-0.5826801860705018,0.9502595067024231
382,58.69299999999999,171.85,976896,2554,477,-0.01572610569128301,0.00890303,0.115185546875,0.2,15.107315622270107,9660,0.0003,5.258723258972168,-0.4617667764425278,0.9610878825187683
382,59.368,170.9,978944,2559,478,-0.025138559000333772,0.03011457,0.21416015625,0.2,8.921682061254979,9670,0.0003,1.6663312911987305,-0.5999973991885781,0.9494855403900146
382,56.709999999999994,175.7,980992,2564,479,-0.017110550068900922,0.0114372345,0.11376953125,0.2,14.557811586558818,9680,0.0003,4.098518371582031,-0.4902860000729561,0.9590773582458496
382,60.99100000000001,167.15,983040,2568,480,-0.018948386804549956,0.015706688,0.143115234375,0.2,13.377491553872824,9690,0.0003,7.1695966720581055,-0.5811670125462115,0.960792601108551
382,59.76299999999999,169.48,985088,2573,481,-0.013711525744292885,0.014784946,0.140478515625,0.2,12.568600752949715,9700,0.0003,5.32700252532959,-0.5816146499477327,0.9674151539802551
382,50.98000000000001,183.41,987136,2578,482,-0.015000421459262725,0.01655174,0.141845703125,0.2,24.21085279136896,9710,0.0003,11.748424530029297,-0.6035766830667854,0.9383916854858398
382,48.818999999999996,186.65,989184,2583,483,-0.01799554659955902,0.025617301,0.22626953125,0.2,11.805895887315273,9720,0.0003,1.9163645505905151,-0.830404582247138,0.9730244278907776
383,48.276,185.53,991232,2588,484,-0.013281475169060286,0.016017042,0.11806640625,0.2,19.361363564431667,9730,0.0003,6.830583095550537,-0.4849379578605294,0.9251275062561035
383,46.188,190.14,993280,2592,485,-0.011206249169481453,0.024692152,0.145751953125,0.2,20.772472739219666,9740,0.0003,9.556496620178223,-0.6435267299413681,0.9423310160636902
383,47.026,187.63,995328,2597,486,-0.025310114985040856,0.014347608,0.14482421875,0.2,21.88177227973938,9750,0.0003,7.749902725219727,-0.5615734889172017,0.9391236305236816
383,43.75599999999999,193.67,997376,2602,487,-0.018862860258377624,0.01383678,0.143359375,0.2,19.526127801835536,9760,0.0003,7.198523998260498,-0.5815671258606017,0.9424920678138733
383,48.17,184.9,999424,2607,488,-0.01874938359542284,0.019207716,0.16337890625,0.2,14.125034595280885,9770,0.0003,5.994385719299316,-0.664180954452604,0.9555447697639465
383,47.874,185.15,1001472,2611,489,-0.018817034213861918,0.013364293,0.113916015625,0.2,19.782937891036273,9780,0.0003,3.747235059738159,-0.41873732712119816,0.9657193422317505
